ID;C1;C2;C3;C4;R1;R2;R3;R4;R5;R6;R7;R8;M1;M2;M3;M4;M5;M6;M7;M8;M9;M0
0;12196;7970;11027;8143;1045;805;1302;1323;946;1025;1148;1464;57;132;93;109;77;70;75;105;63;59
1;11476;9080;10373;5306;1481;1312;1060;893;942;848;1287;1308;99;53;134;66;123;124;100;60;78;55
2;7616;5561;10956;12233;666;536;805;760;559;1020;1325;1030;125;116;105;75;55;94;93;91;107;126
3;7622;11420;8610;9227;713;1242;684;592;963;1223;963;559;85;70;124;147;105;142;120;111;130;87
4;10939;7982;14824;14965;829;741;702;808;1303;1444;905;960;132;89;77;138;59;86;102;82;136;136
5;5590;10647;9108;9413;1436;576;1305;687;1100;1045;1082;1071;131;119;104;122;105;131;99;113;55;66
6;14035;6012;12994;14301;720;660;892;1482;1374;833;706;971;127;64;114;124;134;89;81;70;117;78
7;9761;6400;11459;10423;955;936;1471;1121;502;782;1299;1157;63;139;118;71;55;76;83;108;97;94
8;7066;8763;8719;10204;621;773;1123;1060;1324;835;1185;567;143;109;117;68;139;138;52;97;134;68
9;10379;5568;8166;8360;1024;1115;718;781;853;1335;949;1401;140;114;88;58;54;105;56;142;124;141
10;13930;8632;6359;12405;794;1075;1312;540;719;528;1131;809;62;134;100;148;128;149;147;128;91;68
11;8376;11209;14135;9563;587;1032;1088;936;1283;671;1297;1379;77;82;99;57;113;113;145;124;76;72
12;5839;9765;8740;11026;786;1071;1442;1386;880;1383;806;1241;94;139;117;127;108;139;127;93;93;70
13;13395;9661;5584;12327;1373;1315;757;1355;1115;1183;1101;832;73;90;91;147;132;117;84;110;88;57
14;14972;12262;5122;6573;988;1167;1333;866;1371;703;1458;902;124;86;123;60;65;117;94;133;112;104
15;8111;14922;9741;8707;683;915;561;1363;1166;770;652;846;74;118;75;107;59;99;146;76;80;119
16;12841;5474;7227;13903;972;609;732;1372;1240;1194;1287;616;123;121;61;60;96;136;116;68;73;76
17;11256;14480;14036;6203;1448;800;737;619;1347;1071;1046;1287;118;63;51;122;81;101;56;130;131;61
18;6408;5270;7704;7654;911;971;667;1247;1109;564;776;802;141;93;52;58;112;149;94;106;58;51
19;14830;10670;10637;11490;1100;785;1236;1463;1301;1337;802;799;51;130;117;129;99;110;83;71;125;81
20;11986;7529;11697;10423;1014;1441;821;536;946;1195;1203;1294;113;59;75;135;136;109;59;129;98;139
21;5988;12121;13754;5074;1358;830;1080;610;930;1150;1475;1276;116;80;115;146;52;129;132;150;79;64
22;13852;12897;9659;9324;519;1156;828;1283;1406;1152;1145;628;59;55;134;84;111;147;128;84;139;131
23;13308;5888;10344;12088;1046;633;1297;962;1273;1170;985;1185;69;145;148;68;142;148;86;79;81;137
24;6449;9755;9368;11177;1393;718;1453;712;630;1486;1355;1195;127;74;99;78;56;66;58;134;93;128
25;7852;13389;14808;13261;714;767;694;1429;1198;1411;1345;1420;127;66;143;106;127;61;57;132;64;127
26;7618;14878;11119;9971;1077;1086;980;857;791;632;1275;992;77;124;55;125;62;90;73;53;86;79
27;8886;7468;10055;7850;610;908;1151;1012;1032;917;1466;949;145;98;91;60;74;96;90;130;65;52
28;9546;7369;11915;5525;690;1180;720;561;903;1039;1388;1426;61;108;131;61;102;89;138;148;130;54
29;14371;7527;14914;6813;863;1137;1203;1389;594;509;1268;1176;56;137;81;138;115;80;149;85;127;145
30;7463;8275;11856;12415;1164;748;547;1015;951;547;840;576;109;120;88;89;109;81;63;84;84;144
31;14024;14979;13984;11485;943;1406;577;1035;625;1281;1233;623;116;86;82;80;100;52;61;111;144;141
32;11937;9701;8140;11065;1207;1491;1086;1175;1476;1201;554;1096;139;126;125;99;59;61;137;116;79;143
33;13515;10406;14052;11905;1070;1459;808;862;1271;757;1183;1198;79;55;88;66;140;136;103;140;126;99
34;5465;5121;13960;5425;1237;1473;787;1416;550;1155;1165;1168;88;136;130;126;54;74;54;55;57;90
35;11240;13760;5549;8197;766;1391;1436;826;1167;869;1355;1495;88;64;59;89;107;123;70;143;104;122
36;7109;5944;13108;13716;1109;1306;520;768;1406;660;1090;1349;139;85;127;62;118;138;122;133;122;141
37;10017;9221;11331;6681;1305;1034;582;964;1156;723;1490;928;104;123;131;134;125;123;73;128;60;93
38;12901;9659;9259;8865;1079;677;903;1366;530;914;713;1214;111;143;148;146;79;57;104;105;78;139
39;14371;14389;6588;5263;1207;1209;1267;745;802;624;1016;1446;53;150;69;90;57;109;109;121;127;51
40;5383;8308;9771;9175;901;1496;1254;853;1198;1089;1042;1332;54;58;69;90;94;118;79;96;78;98
41;8233;10454;5883;5154;566;891;958;815;1376;1015;712;736;129;62;63;55;150;53;126;103;137;136
42;7062;7428;11537;5535;586;725;1242;841;1066;975;1227;1294;114;105;68;147;106;130;111;129;122;144
43;9620;5227;6401;5562;894;1469;809;879;1353;1064;1287;1357;93;60;82;108;148;77;109;93;138;72
44;7090;7946;5623;8334;893;613;849;623;1290;1010;1062;1206;88;106;111;128;104;80;104;54;96;105
45;10900;7325;6896;12717;949;501;634;538;522;557;1189;565;92;73;59;96;97;120;127;84;77;110
46;12419;14060;13190;11077;1014;1082;636;1333;1131;835;845;868;90;122;109;98;139;76;128;136;83;124
47;9393;11665;14337;12174;926;1250;1475;1174;1133;1031;525;1230;69;60;91;60;126;141;121;75;136;150
48;13836;10691;6031;12720;994;1401;925;906;1412;725;1323;1114;109;66;125;133;145;84;69;115;121;95
49;6548;7239;7822;14449;572;971;958;645;1306;566;652;895;142;99;68;68;144;140;94;119;120;85
50;5253;12167;8411;6232;1090;1140;1430;768;776;889;900;1471;72;147;129;138;58;135;74;147;103;60
51;13742;12092;12946;7230;1366;731;742;546;899;772;533;1193;137;98;125;134;88;134;117;94;72;132
52;12531;9155;5434;6051;1367;829;624;730;975;1241;1391;681;94;103;82;59;110;75;83;64;102;118
53;11119;8888;5469;5777;1207;1409;869;660;809;734;1399;1061;88;142;73;104;95;89;142;137;100;62
54;11628;14139;7606;11877;1120;538;619;803;1134;1000;881;585;70;143;95;108;139;65;130;52;115;67
55;12834;8945;6006;13208;739;1104;1398;1276;573;987;1201;663;104;146;141;51;146;134;95;121;144;146
56;9776;12385;7520;7499;844;538;1428;1449;665;1153;1156;1410;110;54;63;106;108;60;118;61;101;52
57;11101;9639;13281;13523;1309;1297;1395;1295;1065;1043;1374;1344;112;132;142;94;134;123;142;71;136;150
58;13963;10647;11929;5569;633;1410;972;1257;1483;903;761;1462;141;103;124;94;115;150;96;110;64;136
59;12055;6851;13451;6213;549;906;832;1119;520;511;1213;1443;129;139;145;60;107;76;94;92;136;112
60;8359;12310;13436;12471;644;1486;942;1445;858;791;803;1293;135;70;99;79;74;109;145;100;146;74
61;6671;5146;11031;12882;696;556;978;1003;1465;833;550;1223;108;150;55;119;89;74;64;145;111;133
62;12960;7416;9823;5167;1298;811;1177;953;557;1440;1231;1196;61;53;84;150;132;98;59;131;86;104
63;12999;10110;11819;10541;1125;714;1026;1049;968;568;522;1447;101;74;106;114;146;61;108;141;99;94
64;9767;8335;7617;5300;558;1400;831;658;937;1159;1450;1033;131;121;68;85;103;128;125;133;118;68
65;9754;8618;5938;11489;740;828;608;508;1390;728;857;608;90;144;100;92;135;118;143;80;130;130
66;13650;11913;13917;5594;792;1018;1216;1471;1075;579;1047;1284;82;56;65;131;83;105;75;137;133;114
67;8105;10441;11266;13618;1390;512;551;505;1359;1357;935;1379;70;133;53;127;117;108;109;50;90;51
68;9542;7026;11300;9126;1472;959;1344;1198;983;635;875;1195;57;60;127;52;73;59;52;103;60;125
69;9403;7383;8887;5883;1142;1022;543;1187;1483;795;1491;1018;100;67;132;81;138;80;122;86;74;104
70;7470;12329;7323;10692;772;1275;516;1068;1255;743;1106;1044;110;91;136;112;125;96;77;147;99;97
71;6465;7028;14453;12346;1021;921;1380;874;686;1426;900;834;96;54;71;89;142;53;79;107;83;106
72;7933;13165;5812;5097;554;1487;1253;1189;814;1193;911;598;118;68;132;80;146;110;146;131;84;86
73;11852;9531;13427;7974;1454;1143;608;805;1269;666;1381;1019;139;141;150;102;116;83;99;129;104;135
74;12371;11612;14763;8035;921;1264;1117;599;970;634;1009;719;101;76;68;54;108;146;87;116;119;57
75;14758;10163;5760;9179;1102;1450;1380;1093;1479;1068;876;1221;111;104;90;108;69;149;100;114;61;144
76;13576;11413;6067;14996;547;1235;1384;1100;1191;1354;1115;1300;116;99;68;90;74;53;121;90;131;139
77;13111;8177;12700;12626;544;1177;1130;1168;1283;1185;1029;918;56;117;73;124;87;73;144;56;90;95
78;7138;6209;14267;12299;1165;1246;869;503;1092;853;569;1342;87;114;124;92;62;117;115;110;126;131
79;6665;12672;11601;9500;865;1131;926;852;893;1254;959;1189;99;59;109;88;109;56;119;147;62;148
80;5567;14517;9687;13637;754;554;789;1299;848;714;978;710;123;111;58;103;52;100;142;107;92;144
81;7831;12728;12026;7642;1172;1155;1267;1124;605;1441;1387;555;105;131;66;147;69;58;118;108;58;66
82;13799;13282;10900;13192;1229;858;1053;1447;523;1486;1443;1051;146;52;98;65;101;123;99;77;146;128
83;7547;9332;14801;9347;787;964;920;1410;1345;1100;1022;1271;83;137;104;78;126;95;132;110;142;133
84;5521;10866;13073;14958;1433;666;1377;1452;511;920;867;985;62;58;138;65;85;86;144;147;143;57
85;9386;7428;9889;9644;583;1103;877;869;987;902;1000;661;132;68;97;135;87;65;109;129;87;109
86;13427;10920;14921;6854;1146;1303;834;1281;1338;529;974;524;51;88;94;140;56;76;100;121;92;103
87;7594;5769;12041;5004;875;718;848;613;1128;1220;793;925;110;69;103;89;90;99;81;74;128;148
88;6152;13690;10459;7339;1155;633;1209;632;1000;683;1312;684;141;61;70;141;138;121;123;121;99;61
89;5635;5606;13219;11470;1197;1495;925;1382;1435;1233;1056;1301;61;111;93;81;127;72;122;100;55;50
90;14222;10216;9819;9875;840;1314;1453;633;1007;1077;844;1436;148;100;72;110;56;94;141;106;61;103
91;5259;7785;5194;8520;1228;1032;540;1094;1135;563;529;741;137;115;140;79;66;59;142;129;139;138
92;6349;13025;7527;7393;1460;768;562;1209;1282;1428;973;807;82;105;56;133;132;141;118;71;103;137
93;12506;7063;7389;9076;533;693;924;1147;788;802;1279;603;69;61;84;140;92;129;101;67;129;71
94;9916;7558;10104;5911;673;1249;788;1275;870;1294;1002;1326;105;66;92;117;103;125;143;130;51;76
95;8146;11038;8519;11222;1071;506;1385;633;644;734;608;1262;121;75;52;53;135;97;87;120;116;83
96;6535;14782;14711;10716;960;777;973;1214;1100;1361;1435;598;57;92;117;69;59;94;124;111;87;119
97;5367;10762;9083;7038;943;897;515;1307;1350;1391;899;847;59;86;117;90;116;117;72;129;76;146
98;13372;12491;9438;8535;964;857;1057;1365;751;549;1456;716;121;84;102;85;92;110;134;116;89;140
99;10582;10331;5079;10232;1421;1323;1367;1068;1367;1025;1143;993;103;53;138;116;127;84;126;134;84;52
100;6398;14145;9326;14761;1061;1344;591;720;1208;1305;1410;1430;87;51;92;113;76;78;110;91;59;62
101;11616;12737;14742;14268;565;1362;771;1443;1422;1468;605;900;148;88;95;130;118;139;134;73;81;113
102;11195;7162;10897;6798;1465;1227;820;897;654;633;982;539;99;65;54;128;57;61;142;90;124;70
103;8266;7294;13727;12444;721;681;1466;960;642;1395;832;1372;119;113;78;66;69;66;131;116;89;83
104;14275;6796;5073;10324;1179;1050;535;650;615;679;1176;726;67;143;139;65;83;70;95;146;55;100
105;12875;12619;6611;5032;1076;842;1430;998;1423;897;1001;534;70;101;132;142;133;87;111;122;97;149
106;5343;5900;7180;13222;1240;720;1123;1242;805;571;1451;502;94;118;107;66;123;64;57;73;63;67
107;13938;13399;12680;13658;1408;504;1020;512;721;1045;1041;937;132;132;80;92;121;121;84;66;77;109
108;12642;12953;14723;12766;1317;521;1173;1084;872;867;822;1363;90;149;70;73;132;134;134;115;65;117
109;14405;11338;13586;8685;1159;1044;1082;983;606;633;824;1354;108;144;65;59;112;76;114;139;123;77
110;12669;9967;14696;6013;1195;592;798;1420;543;960;1457;1340;83;132;98;57;55;74;135;58;127;147
111;13366;10517;11718;12840;1177;872;630;1263;1026;1005;1284;913;74;83;91;118;146;131;73;63;127;119
112;7937;6428;6503;13120;1291;652;547;652;1404;1158;1091;1243;101;102;108;80;87;98;139;62;95;95
113;14672;10645;10403;8753;1470;1302;643;850;1490;649;1112;783;85;57;105;141;61;53;135;121;89;59
114;14709;13716;13453;11905;1239;542;820;836;1056;1235;762;961;81;88;112;95;55;117;104;147;140;114
115;12287;7055;11062;9503;1011;1254;1483;532;767;1354;1019;926;90;143;82;145;148;137;86;110;113;63
116;14561;11394;9952;10375;1254;984;1094;885;890;671;1008;774;104;122;72;55;90;91;114;132;68;124
117;13610;13127;5949;5086;586;1149;949;1242;1110;698;1487;981;97;84;126;99;52;86;133;103;60;103
118;6404;5833;14107;14315;898;1201;1464;1396;950;947;828;1147;85;118;126;139;149;86;118;68;99;89
119;13347;7581;11803;14336;750;895;659;950;611;1458;1458;1477;72;86;147;69;105;98;70;140;118;78
120;8349;12482;12091;10175;524;1302;1267;732;1402;748;1421;792;53;147;112;131;142;141;103;113;140;85
121;5508;11618;6004;8897;1026;1037;736;1194;1156;1154;578;723;121;120;94;128;64;71;142;80;85;149
122;5160;13055;10615;11983;806;649;1120;1391;996;561;1344;1178;132;149;107;136;114;103;68;73;147;81
123;5613;12822;13056;6022;507;651;1103;1222;1046;980;1137;1328;81;125;118;111;111;139;61;129;83;99
124;9239;5678;9733;14539;1008;1413;588;1326;1101;935;1058;1496;67;125;116;134;70;74;130;51;117;108
125;9091;6191;5759;11874;1127;1477;660;1347;524;1014;592;1068;114;71;83;119;57;146;92;90;133;94
126;11458;9787;11542;6711;1317;1393;950;1237;913;599;653;870;54;59;96;59;56;64;118;127;56;81
127;6323;13178;13174;11720;852;1333;621;841;1255;1487;794;825;55;112;141;142;103;84;125;117;85;57
128;14024;5888;11325;9425;1416;1367;855;671;517;941;836;1153;92;114;73;146;120;123;99;69;80;103
129;8641;5980;14331;11996;692;1211;1284;742;702;536;1058;1068;55;65;120;99;65;88;112;121;139;135
130;12431;13100;12955;6815;786;1236;847;1453;1087;617;735;511;102;69;137;106;89;79;105;148;70;144
131;6357;11752;9589;14359;887;1492;1153;1374;638;1003;693;1142;72;95;71;141;150;74;106;87;128;95
132;7034;11761;7693;7180;1216;1407;1413;1241;529;607;642;667;111;127;59;147;140;60;64;60;89;114
133;9802;14892;6904;8448;985;1395;570;623;1269;517;577;1153;123;62;132;91;137;114;109;136;55;120
134;5684;5271;13149;9520;630;570;1110;1478;1216;850;1029;571;141;88;139;109;67;54;139;145;59;147
135;8425;10996;12744;6803;1094;1347;1096;1248;1203;1087;929;878;70;102;143;69;70;95;96;92;86;114
136;7910;5863;14947;11516;1248;744;877;1269;648;1177;746;1118;145;92;110;54;90;66;62;133;142;70
137;9397;14396;13398;11966;991;1129;1443;773;633;653;1463;1229;138;118;91;89;94;76;75;73;79;111
138;14297;9528;11085;12085;1454;791;793;848;1380;708;1027;587;96;119;132;142;123;71;133;124;108;136
139;5347;6939;13342;13795;777;816;1119;1128;1372;651;1058;1007;138;99;146;120;65;128;67;82;141;104
140;10005;13111;10735;7213;892;806;705;982;1362;1474;683;1103;103;105;105;99;108;111;103;75;66;66
141;6620;9191;5704;8912;1478;999;1272;1416;737;698;649;951;104;125;80;86;128;103;124;74;115;89
142;12806;7992;5562;14099;890;931;1255;562;748;1041;1347;1070;57;144;60;144;112;73;112;55;119;53
143;8272;12877;13702;12548;1261;1339;602;1399;726;501;1177;1255;99;116;133;138;67;137;54;122;137;145
144;8990;9733;9379;9037;1301;1012;1094;1260;969;1433;1135;1180;88;68;74;67;121;65;119;131;125;147
145;5707;8817;10867;6704;833;700;1339;585;1291;729;1284;892;139;81;90;74;61;108;90;106;51;131
146;5859;5515;8390;12185;921;686;1069;1060;611;790;580;1380;56;120;111;144;52;56;146;51;95;51
147;11540;5574;11475;5301;1075;1150;1240;844;1040;1033;1056;600;142;123;136;95;111;111;146;55;119;50
148;11646;6973;13152;8669;1350;591;1062;1245;673;888;1413;784;55;80;107;81;137;95;141;106;138;127
149;10901;14865;5650;11501;1114;824;1471;1387;1383;1221;1333;1287;100;140;74;104;108;77;135;113;115;124
150;11571;5718;8342;8590;985;891;875;697;1388;867;1293;625;140;117;96;138;94;149;138;135;143;57
151;6840;9592;11426;8930;1208;862;1253;1328;1250;844;518;573;143;51;102;113;102;59;111;109;79;139
152;7763;13282;11222;11245;658;1258;1362;912;569;899;523;1309;65;135;76;119;69;105;136;99;123;95
153;11981;6081;5460;6890;1190;1294;1188;1205;1306;968;1406;1344;79;65;53;113;97;136;85;101;80;139
154;7439;14822;11984;5816;1184;1137;734;1455;555;623;1357;1411;131;101;142;92;96;86;149;137;120;62
155;5990;8787;9052;5046;630;510;857;1431;1340;1223;682;1398;65;85;57;97;76;88;58;141;142;54
156;9975;10374;7456;5018;1057;504;1122;857;1147;858;581;1183;139;123;137;139;78;141;98;74;145;125
157;8441;5299;11948;10923;1043;864;1482;1441;1322;549;1169;900;140;52;68;81;74;120;53;61;144;107
158;8119;13476;14034;12210;1422;1007;1232;1105;1485;1420;630;739;123;70;97;133;56;134;114;142;77;118
159;6719;9608;14114;9107;515;1019;1440;1085;1415;675;1180;812;126;97;106;132;132;129;106;101;87;89
160;5707;12453;6965;5529;708;923;580;582;1407;1112;626;976;114;69;148;88;81;57;119;138;69;102
161;14788;7245;6458;7122;631;1340;728;1173;830;1214;955;1184;91;149;107;76;85;95;72;143;141;141
162;11210;13146;13771;8021;633;843;592;880;836;723;902;1000;83;97;126;103;77;128;124;60;105;122
163;6639;14900;14602;10148;820;1112;1035;1464;1285;701;554;878;107;68;109;64;149;83;144;71;76;125
164;11595;14886;12937;9989;814;1225;1478;737;1118;995;704;1240;104;126;127;55;87;87;87;90;116;133
165;7279;10539;9486;12971;528;602;1309;1339;788;1211;526;1005;148;98;105;71;68;134;68;89;108;108
166;6008;6175;8554;9523;1274;1447;644;1271;1149;668;622;1105;60;145;121;56;92;121;130;128;66;102
167;13607;12843;9575;11626;1206;1239;1273;1091;502;1034;1025;1483;84;128;116;98;116;66;51;93;64;84
168;11854;13094;12835;13380;948;697;933;641;592;520;1464;733;144;62;75;126;79;52;109;78;130;67
169;14125;7142;13196;6661;830;996;1200;688;852;743;1002;1070;60;134;54;92;72;126;102;96;93;131
170;10313;5106;6117;7085;988;1150;1350;954;756;948;1294;755;136;63;98;78;79;81;80;61;76;130
171;11914;8203;10958;12974;562;1343;1391;1422;987;685;880;806;89;80;77;120;52;105;128;59;53;149
172;6398;14563;9252;10198;897;877;716;871;1002;1451;1010;1110;107;142;104;102;148;74;83;51;50;107
173;6329;5230;6010;12859;576;1433;980;862;1470;1305;964;550;137;113;73;136;150;138;98;136;81;147
174;14809;5585;5196;5388;661;731;1036;1026;663;717;1165;1433;90;129;94;111;84;90;92;133;79;62
175;10424;7771;9531;9406;1140;1101;1433;527;1351;596;623;1388;118;84;132;80;128;105;137;118;116;89
176;5683;11837;8951;11624;855;846;1042;1450;972;981;1257;1439;143;140;52;70;111;87;98;120;129;88
177;12640;13269;5730;11664;561;1048;1259;576;965;716;757;952;107;113;80;92;112;133;68;122;55;107
178;8860;7503;7075;14146;666;787;1426;1334;549;931;796;1122;89;149;126;141;63;145;125;73;89;148
179;9942;13613;10206;7749;523;1022;1325;719;667;680;1048;692;111;141;132;131;109;92;136;141;81;77
180;11907;5895;12277;7623;1467;936;1322;1217;1298;603;1440;570;114;83;105;77;129;71;137;133;88;53
181;14593;5290;10158;8917;1271;526;1246;1447;1338;865;616;574;116;113;68;106;99;89;86;95;85;91
182;11748;5915;12065;13009;547;1268;908;1004;570;1224;1257;686;134;139;134;117;99;114;75;71;130;120
183;6286;7087;5302;7190;765;985;778;820;1387;1299;926;1096;87;148;120;95;97;119;61;147;76;96
184;11109;14535;12026;5784;1216;1067;832;523;689;1227;536;1164;129;89;91;87;127;86;69;97;108;92
185;7826;5262;14253;6354;1138;1160;1464;971;800;866;990;1303;111;63;57;84;56;105;124;124;54;105
186;9612;11398;10281;10556;1058;702;533;955;649;1226;1171;1469;97;74;80;109;82;72;66;81;55;106
187;13791;11993;5164;14583;1242;1420;1348;1084;554;1090;1147;1153;79;92;106;65;61;139;132;65;73;142
188;11162;13655;5474;6715;680;1189;970;1476;1100;537;987;594;121;144;63;66;52;55;101;103;149;80
189;9775;14113;5435;13637;655;842;881;807;668;1242;763;1314;55;115;57;57;69;69;146;95;58;141
190;6658;9549;12182;8423;1011;1012;1440;1064;691;790;544;1239;140;87;91;104;85;111;148;84;108;79
191;11325;12048;7738;13071;852;1330;1170;596;872;665;946;808;103;59;100;62;59;122;146;61;104;89
192;12672;10566;10351;8891;1112;1312;1240;1424;566;1138;1076;1308;69;100;106;103;87;99;129;138;106;95
193;5818;6766;14588;7568;953;713;1082;1473;1365;1238;1091;962;94;147;98;78;139;92;138;82;59;62
194;10507;9206;9874;5061;1077;801;679;1481;1435;843;816;519;70;82;56;69;142;59;113;65;133;94
195;7523;11447;5495;13592;599;594;981;767;558;638;1270;676;146;87;136;132;104;83;131;138;133;58
196;11494;6754;11022;9276;903;1056;771;583;1070;1275;1151;809;134;114;105;84;78;131;142;141;99;106
197;7457;5482;14602;14359;835;1301;1477;707;670;507;802;1346;126;80;70;94;67;56;142;65;94;121
198;9786;11853;5186;7003;1068;1169;722;1395;1087;979;821;503;62;133;138;65;91;71;67;140;129;135
199;8446;7001;8453;12110;579;1295;1335;986;1075;930;537;1435;126;123;113;116;143;109;140;127;136;127
200;5861;14349;6505;7518;583;1145;774;1271;807;1487;866;658;96;133;124;88;136;87;67;144;125;59
201;8366;11415;9216;9105;1116;1008;1233;1281;1042;689;515;519;112;144;143;76;59;142;56;71;74;98
202;11224;8330;7410;14001;720;1109;863;1341;1442;1132;1165;535;58;121;141;135;106;143;54;56;91;123
203;13864;5387;10805;14583;845;1025;726;1143;1232;1071;947;626;59;71;94;51;93;56;100;135;131;121
204;8837;13646;6265;6384;712;1027;577;1237;1176;1178;1383;1364;71;145;81;145;146;105;91;135;112;126
205;6673;12136;11266;9725;1130;769;845;1094;780;560;1291;1436;126;64;131;112;65;63;90;140;89;85
206;9435;12008;6689;12832;1116;1043;1416;1079;1360;906;1160;574;141;138;77;143;109;96;141;88;98;71
207;13272;9006;13647;14900;1267;946;827;734;1212;1427;1448;680;119;126;73;81;125;112;68;105;123;71
208;8487;5997;14483;11553;880;1303;587;1265;1082;1260;1315;768;90;136;56;56;91;133;134;132;54;100
209;8229;5905;7135;6032;1440;711;1204;823;1078;1024;593;563;103;55;58;60;59;124;98;64;74;90
210;9658;5377;10789;10691;1197;1454;1154;825;670;1223;1034;981;116;61;68;110;51;105;139;136;115;114
211;14882;14006;9814;10774;625;1314;1427;607;1460;727;1325;522;93;85;72;143;74;145;74;106;138;101
212;9860;10621;13865;9928;1253;914;1058;612;751;1330;932;1024;122;82;124;78;143;57;66;79;66;55
213;7515;5539;12952;9502;1356;900;835;1325;1082;1038;897;517;91;136;131;133;122;111;65;121;111;124
214;5257;13925;7470;10890;741;619;520;856;973;971;877;1495;135;106;50;79;102;67;122;133;110;150
215;7196;5986;8047;11247;793;951;1042;1240;1341;1098;657;820;115;101;77;115;113;120;125;87;137;68
216;6507;14297;8563;8036;511;859;1287;614;1280;599;1460;1094;129;98;69;55;125;125;126;53;86;97
217;10053;5967;5697;7128;872;686;999;1457;764;1472;812;1243;135;101;98;102;94;144;79;89;134;135
218;13616;9572;7867;10340;1449;687;644;681;881;532;1284;827;67;61;59;85;56;79;85;90;109;64
219;8750;9577;13236;8053;530;714;732;571;762;976;1303;837;119;120;58;146;137;109;109;54;59;135
220;6244;10731;8809;14593;528;632;1093;1063;839;712;1054;1358;142;105;54;123;141;92;117;147;116;84
221;11137;14491;8268;10325;1276;1176;512;1230;1206;1375;1126;998;70;126;106;135;60;136;60;126;115;91
222;13094;10776;5330;10143;1418;912;806;540;675;1162;961;1356;140;70;142;60;58;149;64;105;130;141
223;11561;10486;12313;5414;660;962;1298;797;649;912;1103;1368;123;52;130;96;141;119;106;135;143;107
224;11876;6555;10093;7839;717;569;616;1181;856;554;1424;1093;126;99;80;75;108;116;64;123;94;65
225;5180;13331;13237;14591;999;818;1176;1450;1405;1338;1263;1161;61;140;93;68;122;129;75;102;144;89
226;14152;5209;11106;8067;1204;1385;615;1192;552;798;693;679;145;62;117;56;63;110;132;116;110;117
227;7417;6326;13976;11032;945;1412;1114;1357;722;740;1190;1496;56;106;91;90;110;90;141;125;102;91
228;14283;6952;10796;8310;551;1153;784;681;552;888;1057;654;140;57;71;114;87;146;98;58;88;71
229;8816;8809;8616;7388;687;1425;625;1436;611;525;597;819;60;132;97;127;135;131;59;75;88;107
230;7173;13844;5661;14757;979;1180;994;754;1120;688;1127;1245;64;91;150;67;89;102;75;65;88;137
231;5926;7788;14852;12288;997;1440;1384;618;986;819;1110;593;81;95;61;141;98;56;74;119;133;89
232;9248;5100;6872;9577;1206;675;1229;785;1306;1293;1080;969;75;72;68;60;103;87;125;140;132;100
233;14930;9431;10907;13049;1487;551;1487;1486;973;1453;1047;1403;133;69;98;135;98;142;107;60;122;61
234;13085;14583;5871;13955;986;640;1123;741;565;1020;543;650;56;55;110;75;95;57;134;70;88;57
235;9211;9433;6419;13743;855;900;725;1248;936;1483;616;1320;50;97;63;87;116;133;91;119;96;82
236;7808;7029;5280;5534;1024;821;538;755;1269;1337;741;1308;134;129;143;133;82;74;51;61;96;78
237;9853;9652;8606;9806;1469;1456;1424;1289;954;549;679;1068;114;64;61;119;137;84;72;52;113;51
238;11011;10969;12996;5976;1136;933;861;983;1208;514;1280;885;127;92;128;102;135;76;116;91;109;96
239;12030;12667;10307;8221;1438;1275;1138;1287;567;1326;577;528;110;92;139;74;52;147;115;141;132;104
240;9373;8277;6580;12700;554;994;1095;1206;898;1411;1080;778;114;95;119;73;123;114;59;69;81;116
241;14547;12149;8204;11479;1226;589;846;762;1134;1330;1094;840;125;150;117;131;97;57;93;148;65;98
242;11067;9535;13146;8027;721;1146;749;1489;1033;1423;681;1244;124;83;93;122;70;65;119;118;130;67
243;14066;9955;11998;14592;1322;515;1313;1277;888;1304;639;809;122;91;106;109;147;135;116;58;52;54
244;13774;10767;5440;12005;924;1335;595;737;797;1394;1218;523;78;96;130;147;86;149;75;113;140;137
245;8460;14493;12233;8451;1489;696;885;646;727;1309;647;787;131;95;143;83;73;119;150;134;123;88
246;11657;14023;10814;13026;1001;728;1344;1346;1295;1313;597;681;137;92;98;89;142;84;129;60;103;60
247;8626;6381;5232;12045;783;1149;1054;964;777;1483;655;1394;123;106;146;92;122;129;142;94;141;116
248;5339;11898;6200;5766;1031;641;1140;595;889;1306;899;597;115;135;79;94;90;142;136;120;111;89
249;10764;14694;6931;14039;1277;1388;848;1172;648;1207;862;758;75;149;98;65;96;89;96;58;51;132
250;11216;6076;6753;8974;890;1098;1010;964;582;928;1111;617;95;120;120;51;88;145;96;74;115;80
251;11124;7534;9796;11150;618;739;1085;1453;928;669;1124;638;98;84;121;96;51;87;135;129;60;62
252;9237;5309;7176;6231;552;860;913;501;895;775;835;599;105;61;98;65;60;95;53;146;59;117
253;7664;10530;9605;13612;827;657;1319;904;733;1306;989;687;79;91;138;140;108;69;111;119;146;111
254;7115;10821;13961;7242;755;1430;1220;1107;739;1133;1317;929;112;138;111;132;113;88;61;106;104;104
255;9062;14691;7767;11691;913;844;1201;1426;1128;834;1354;757;102;137;133;66;139;75;136;106;133;122
256;5313;6431;10414;5112;1312;1343;701;531;766;634;968;1001;86;66;70;102;108;61;83;84;122;122
257;10116;5253;13510;5147;1016;808;1017;1254;839;780;1215;1008;123;77;107;122;81;132;64;114;86;136
258;10776;10885;9729;10471;582;1249;1123;629;848;1374;866;601;100;91;149;70;131;82;67;76;103;88
259;5212;8321;13639;10105;752;603;601;698;1126;777;984;761;81;61;86;65;138;105;116;149;117;82
260;7141;8457;14820;5971;562;838;588;1191;654;502;1413;1226;108;65;76;126;122;122;138;127;66;51
261;11225;7522;7314;10335;659;671;1386;1000;518;651;1306;533;97;69;91;99;86;75;106;123;53;115
262;10668;12853;8507;5543;1470;683;994;815;654;908;550;1256;103;99;98;79;53;69;99;91;117;91
263;14135;10190;14051;7771;1369;1160;1390;762;1097;513;1040;822;95;115;80;109;94;137;147;140;100;117
264;12772;9219;11223;7096;800;1061;1422;898;583;1275;1163;576;96;144;66;69;142;55;50;98;76;109
265;9330;8146;5781;5481;778;1275;930;1441;1379;1442;1431;582;123;105;79;82;148;109;142;135;51;122
266;6323;6894;13465;13733;688;1218;1059;690;726;1069;848;1052;137;109;123;99;132;126;135;109;144;75
267;6809;13118;13780;10449;858;532;1256;1498;1464;659;1103;810;118;89;57;137;91;136;141;149;129;68
268;12320;9309;12412;14730;549;509;1231;942;820;835;1240;1196;89;113;50;147;108;82;118;72;78;71
269;6567;12381;11295;11596;1434;543;605;1016;606;890;728;1375;139;112;74;76;100;68;84;117;51;57
270;10979;12602;12228;7532;1138;1139;909;1301;510;1023;1221;1250;74;78;79;74;112;113;65;58;123;87
271;5837;7698;13805;10137;1238;955;830;623;940;1012;1310;696;131;99;106;65;73;80;62;119;59;82
272;6813;13423;14867;6853;656;1415;1011;517;1310;866;1290;932;113;55;97;90;146;123;96;74;51;145
273;7000;13274;7167;12917;1441;841;615;1490;682;637;1416;644;108;57;145;141;67;95;111;140;116;122
274;5606;12868;12541;9308;1375;875;657;764;722;1002;769;543;58;122;119;77;141;50;118;122;57;66
275;11411;6738;11495;11990;1226;529;1447;1349;1486;1229;1396;1179;65;113;118;142;94;144;64;136;63;90
276;11244;7156;12482;14916;1382;1225;788;717;1206;1193;690;518;121;52;139;64;99;105;127;146;76;77
277;11002;7717;5120;11662;938;1468;1041;1094;511;1174;616;1002;102;122;69;112;94;82;97;95;76;137
278;5716;7943;6741;7910;1347;772;1478;1297;594;557;638;651;134;80;125;75;112;114;92;83;61;134
279;8238;14824;5901;10807;1472;673;788;1166;1426;959;856;667;123;77;117;121;114;92;92;71;147;140
280;9953;13190;11799;7917;985;1463;1192;763;571;714;1405;869;58;107;119;51;57;138;60;57;123;113
281;8600;13290;6581;13573;638;1189;757;1292;1142;500;1126;1170;88;50;83;141;109;118;136;97;53;74
282;14852;8284;9537;13245;732;1471;745;1317;711;1199;936;796;116;52;61;107;69;53;64;61;54;61
283;8463;5083;11952;13037;1176;1220;1127;1348;812;740;580;947;112;75;110;143;95;131;150;84;66;74
284;11317;12981;8977;11392;840;1309;969;1119;1386;651;1111;1020;93;110;128;117;148;106;68;108;74;110
285;11832;12469;5814;8588;913;1442;663;1259;1315;1448;1431;1254;116;69;141;117;146;137;136;111;61;56
286;8307;13238;13567;12273;1110;1049;1253;828;1225;977;1256;792;74;131;108;114;129;105;51;74;69;100
287;9922;5779;10587;10711;1039;1134;638;582;594;1074;935;1283;141;108;59;137;138;81;65;96;146;70
288;10411;11690;7398;13601;910;503;1354;1307;1009;843;1259;967;52;70;53;80;107;128;76;109;144;63
289;11815;7748;8495;12364;857;1367;771;926;1255;639;910;1373;83;70;124;98;64;117;72;103;130;108
290;10431;9210;11274;11245;518;1336;1039;642;776;515;1343;828;116;72;112;118;116;100;53;54;73;86
291;14617;8578;14243;14766;899;1138;1091;1483;979;818;777;965;86;53;112;76;103;137;60;69;117;94
292;9486;14498;7161;13900;1059;657;977;620;1285;1088;1070;1216;89;72;107;60;51;80;64;52;124;64
293;10790;10405;7065;11608;792;794;1199;1035;977;1487;1298;713;108;66;111;85;124;68;50;91;74;112
294;14519;7873;13456;14059;912;1115;948;1325;1087;1009;1121;576;88;94;146;92;141;77;87;105;101;51
295;11530;14652;5401;6440;1139;1360;660;1441;676;1109;872;1163;130;80;121;51;106;105;135;94;65;57
296;7388;11559;11433;10178;614;1143;822;1484;1084;1049;989;962;58;90;69;140;117;53;111;101;70;104
297;5238;10764;12362;12699;880;871;1364;549;750;1154;784;1409;116;77;52;142;132;68;119;142;68;129
298;10366;10984;9576;5045;719;1308;700;1202;1133;1001;721;1237;103;109;51;140;125;57;131;58;96;69
299;8042;11165;9845;6996;675;1444;1169;774;546;1191;1406;696;60;113;93;55;88;124;88;102;145;72
300;12346;5766;6480;14703;1245;904;744;829;1206;581;877;802;57;130;80;96;129;60;144;85;65;143
301;11511;11452;8401;12566;739;799;831;1327;1326;608;1251;593;120;77;53;140;103;55;101;84;137;102
302;13669;5802;13714;14059;816;573;690;955;962;532;1115;1316;128;72;139;101;140;110;121;140;108;101
303;10544;12148;6046;12273;1355;1245;846;1046;1088;852;1344;680;103;70;65;116;90;55;59;144;75;101
304;5856;7373;12992;6333;531;1424;703;591;644;1082;921;643;114;112;80;75;53;127;144;58;118;141
305;7283;12874;5856;11948;657;1223;1153;1057;777;1041;682;821;86;97;81;125;139;76;75;77;94;92
306;12743;5779;10658;9728;1177;1469;783;1443;1063;1272;977;528;74;140;120;146;72;58;70;107;55;135
307;5961;9508;12706;13935;1121;1327;1489;1349;1263;1179;1238;597;105;129;123;64;111;135;136;146;67;129
308;9476;13165;13937;7640;656;1089;910;1300;966;1320;1099;663;138;57;59;112;123;83;90;73;70;134
309;12542;5539;8880;12146;1140;699;1150;1460;1068;1171;1245;1435;98;104;64;122;99;64;111;61;96;53
310;10803;12397;14316;12922;559;876;1242;1215;1100;1211;657;1432;52;79;145;60;127;73;51;144;85;61
311;7804;8464;7290;14156;1303;788;659;1207;624;1188;1249;641;128;108;76;111;100;86;130;65;58;98
312;12163;11888;14610;9868;1411;879;603;1129;738;1385;789;1369;69;85;132;111;147;109;92;139;125;60
313;6609;5633;11186;9730;680;1209;618;995;629;580;944;1309;145;74;142;142;85;76;62;107;129;148
314;11653;12846;9926;12104;585;901;634;1178;1494;1292;903;1156;82;51;91;65;95;118;141;51;51;135
315;7096;7487;11184;9694;1027;1445;934;553;1465;874;653;683;146;134;145;65;70;92;135;146;83;116
316;11543;8759;12978;14966;979;1314;612;517;1318;680;1170;736;139;59;81;139;114;85;105;119;137;81
317;14670;10998;13920;12079;597;881;960;1395;550;1332;1085;715;143;121;77;79;124;112;127;67;136;62
318;8109;14546;8156;8412;1162;813;560;1408;1258;1272;1269;1447;81;116;59;74;150;146;88;86;127;54
319;6532;14971;9310;5098;1307;668;1283;772;843;1500;743;903;120;91;65;112;126;78;103;129;111;117
320;6233;11049;14427;10973;1224;745;1366;591;1278;1144;950;798;136;106;149;130;136;57;86;127;107;63
321;6267;10959;8709;8456;1183;1342;1174;1048;1077;682;507;580;140;69;136;95;149;102;89;80;56;101
322;14369;10367;9478;14212;1240;1470;627;1096;541;1085;634;940;94;62;88;96;75;67;146;135;114;77
323;13120;10036;8099;14001;946;1292;1097;1219;1117;1275;859;1167;74;61;66;117;71;85;70;111;62;68
324;6429;10200;5545;12627;506;931;674;1410;1488;1117;1414;927;144;76;130;135;78;100;64;55;134;86
325;12808;5518;10887;5360;1301;837;1138;1313;1073;532;1028;1449;51;60;53;126;51;113;92;143;121;80
326;11994;12043;11872;9751;1305;1276;1465;1330;1112;734;750;811;87;68;98;98;114;106;106;143;76;70
327;7876;12302;13939;11447;616;843;678;528;642;779;583;946;132;99;62;135;95;103;107;54;136;92
328;5919;14108;11812;13433;505;510;635;818;504;811;901;1073;115;111;106;130;126;98;101;101;142;117
329;6868;14583;8925;5853;539;879;1181;1086;760;776;896;1267;96;78;99;78;138;131;76;70;111;64
330;10227;9189;13343;11800;897;1149;693;880;1441;1153;566;808;120;68;123;96;135;130;86;51;94;68
331;10178;9869;7204;11039;1247;918;678;701;501;515;1234;1376;85;127;67;93;133;137;79;99;146;98
332;8537;11918;10113;11445;1411;1409;1464;980;1375;1311;667;852;106;94;110;130;77;59;70;124;142;69
333;8681;7792;12544;11273;549;1172;595;1068;659;1446;540;1406;104;105;73;105;69;128;149;109;145;131
334;8358;7729;14125;14871;647;1072;530;1383;1137;1187;1082;575;122;129;132;147;108;54;75;103;113;55
335;6157;12908;12808;14821;1215;1359;512;1476;743;713;1024;920;58;99;62;143;61;76;138;57;54;106
336;8701;13144;10632;9152;691;1037;1034;1057;764;1145;1009;1119;88;147;90;117;136;124;100;103;102;97
337;12114;5972;14232;7853;607;617;1380;768;1363;980;859;963;133;75;98;69;108;110;81;95;122;113
338;8646;6925;5112;9588;984;1442;1395;713;982;797;1050;832;141;102;80;114;66;79;74;82;125;95
339;10112;8405;11593;14903;1091;881;971;1353;1120;1024;1220;969;131;94;130;148;89;142;131;132;136;113
340;9572;12290;14491;7764;568;1066;1167;625;1402;959;1345;1253;108;97;75;72;80;132;88;84;54;146
341;7699;6194;11998;14758;1192;1249;1047;837;620;1059;860;832;127;106;77;103;138;54;124;104;72;94
342;13600;6770;11754;9763;1220;538;533;985;903;1054;1475;814;79;119;111;125;86;80;91;71;136;134
343;10419;7987;14434;6158;1196;1296;953;605;1009;716;758;608;120;119;55;103;124;135;105;137;79;88
344;12479;11529;8267;7996;597;1278;1095;1212;532;797;1447;926;105;78;79;130;97;75;137;67;134;92
345;9973;13340;7219;12451;1303;1308;555;690;1462;726;1300;655;55;144;92;52;123;55;119;61;88;110
346;5653;13615;7807;10816;1151;691;1177;1291;1097;1002;739;708;122;69;78;125;109;125;134;92;65;136
347;10022;14561;5691;8051;1246;1265;1177;1154;1382;1493;628;676;59;87;116;60;106;120;98;64;81;141
348;6839;11934;8462;7284;837;917;950;744;972;580;588;716;102;90;131;68;84;129;56;65;57;55
349;9596;9140;9497;8567;694;1042;1008;566;1351;900;1020;821;138;126;72;124;137;97;121;130;108;119
350;13594;10295;10994;7279;1322;1250;1326;1084;972;989;565;864;135;82;131;78;81;145;108;128;90;104
351;10840;7181;9760;14679;853;504;1076;965;503;826;946;1066;125;149;96;59;74;100;70;130;85;86
352;7168;13268;14147;5996;1470;798;1376;793;1055;1270;765;1445;79;77;57;74;126;118;84;88;123;77
353;6874;8203;14428;7224;574;927;1032;1070;817;1302;1165;814;87;143;136;83;129;97;95;123;150;79
354;13379;12861;12652;7579;977;1425;831;1430;1092;883;1198;1083;130;83;63;126;66;82;81;123;115;64
355;12728;13787;13194;13921;651;547;1194;815;578;513;833;578;133;133;102;93;83;66;104;83;125;83
356;14690;7977;10714;10622;912;879;1330;1200;749;1127;747;540;148;134;52;129;85;128;107;68;125;89
357;10546;13223;7636;14488;797;527;1022;735;864;931;1287;626;120;59;105;90;142;116;95;72;106;126
358;13346;14890;10416;14269;1022;587;1288;1070;1475;538;1149;911;65;109;76;66;110;97;50;88;149;66
359;13684;9916;11405;14183;712;784;1252;1252;1365;758;1115;599;69;104;67;80;119;103;97;67;86;111
360;12015;8447;14612;5079;1139;1404;883;642;527;854;1287;1329;110;112;95;51;129;130;73;129;130;144
361;13123;12954;6041;10272;1249;955;816;935;1168;920;771;1164;67;137;66;140;107;115;76;59;86;52
362;13306;12617;7533;8785;992;745;1151;1094;842;1435;991;840;69;138;90;81;119;54;147;132;97;91
363;6047;14504;12597;7519;1334;1013;816;1383;1153;1434;1391;553;87;128;101;81;86;98;81;144;112;80
364;13001;10302;13798;13811;1060;980;1218;913;706;1304;1134;1124;59;103;125;75;95;112;115;79;78;146
365;11056;12936;9990;9253;1467;696;530;506;1020;795;790;630;147;104;79;60;74;123;140;51;93;133
366;5351;6092;7197;9032;663;967;571;1033;942;971;997;1111;109;64;101;127;96;130;84;73;105;72
367;12734;7246;14723;6381;1335;649;1231;1147;998;1446;1426;795;95;145;140;113;121;144;74;109;136;126
368;12411;11602;5231;5155;810;1216;898;816;1107;778;918;1081;98;149;105;108;120;60;71;140;129;138
369;13828;12630;5505;5585;813;617;1268;790;1294;1051;1474;1132;101;93;145;110;72;122;62;98;104;57
370;7052;5144;13657;11145;864;655;857;1448;1433;1070;1030;929;92;117;134;126;118;67;119;87;79;128
371;6185;7807;6184;11426;762;1300;1349;954;1232;677;832;1447;115;65;132;128;101;102;106;62;113;140
372;10483;8752;6095;6437;1147;1011;1005;677;930;1457;1283;605;100;59;122;55;121;117;133;144;145;116
373;8051;9683;12017;14433;1482;1472;910;1087;1199;1051;987;1052;150;139;88;102;93;62;107;70;69;56
374;5661;13602;10581;9187;1224;1040;548;1426;1081;1253;636;1336;58;90;90;117;132;95;147;88;98;97
375;5858;13590;10719;10556;904;609;624;1110;1219;669;951;837;92;127;97;102;89;55;132;93;132;136
376;14219;12440;7680;6778;1433;1239;809;1023;1378;1365;792;728;84;99;72;51;94;74;132;115;112;130
377;5061;11994;11963;7692;873;1433;906;931;1232;1241;921;1064;118;101;102;126;72;90;65;127;127;71
378;13115;11542;14449;11900;840;923;913;1092;897;1014;820;1436;74;77;107;125;78;83;71;92;84;133
379;9365;5932;7391;11879;939;861;1372;840;889;1031;700;1313;76;118;70;134;53;114;102;95;92;110
380;7633;6318;9593;13707;815;1295;947;1246;961;1437;972;918;74;83;72;109;62;103;116;91;77;84
381;10155;7073;12564;11994;532;637;1191;1323;728;1015;1391;1134;53;73;52;85;147;136;133;140;55;87
382;8236;13365;13566;10502;1230;1254;1026;620;1124;739;1174;1273;124;117;142;74;114;57;148;115;79;123
383;8694;12239;10248;5437;520;1463;559;1310;1393;561;1264;1297;121;107;123;122;75;51;58;91;77;66
384;14453;8094;6702;11738;1476;990;1262;1282;1379;1155;698;560;115;144;146;65;126;70;77;58;60;119
385;7721;10192;13686;11499;666;595;1101;1459;1442;1061;1153;1101;75;127;110;119;56;66;99;104;69;60
386;12174;8355;5898;5151;536;1364;704;537;592;1301;813;728;125;53;114;80;86;109;97;124;66;122
387;10173;9844;8246;7933;1119;737;1373;673;588;1450;1354;1194;146;74;109;59;138;94;129;66;103;130
388;7549;9083;13171;8815;1005;1059;1321;1220;518;1111;1434;967;121;118;123;58;130;90;79;134;129;102
389;9109;14711;6492;13007;786;1335;780;749;753;632;892;648;114;140;147;83;63;51;69;123;130;96
390;5017;13115;6958;13152;732;960;1129;670;1071;1497;594;1184;95;130;69;80;94;139;131;125;60;51
391;9496;5404;14653;9015;1167;614;1172;544;1468;1286;686;759;80;122;65;91;67;60;72;75;108;96
392;14111;11895;8725;14971;1098;1434;712;710;527;1086;1363;734;122;78;53;118;140;96;70;119;121;102
393;11820;5517;8798;13952;748;1173;577;1288;599;903;1117;530;130;101;144;71;149;114;123;52;78;143
394;9596;7143;14303;9130;896;887;1026;863;1318;735;1242;1208;116;85;66;123;132;66;148;126;83;94
395;5996;11761;13826;5680;777;1237;1393;1131;1409;1429;953;531;142;56;137;108;147;129;103;136;54;89
396;7617;5125;12030;13663;1284;1499;1428;839;1189;1146;755;527;60;90;84;138;96;118;94;126;126;128
397;12243;7286;10860;7905;859;955;1052;619;1398;1415;1122;1389;81;117;59;87;94;93;79;144;85;148
398;9325;13424;12567;12948;1381;1156;677;788;1151;1472;1458;1476;146;126;72;67;127;135;73;145;114;138
399;12763;11360;8366;9657;1498;501;900;674;602;959;1234;1494;117;90;90;80;72;148;94;55;65;55
400;5215;12698;6461;7059;619;814;1189;823;1347;525;726;912;91;124;141;132;136;144;76;85;107;99
401;8681;14004;9223;8562;1350;1139;741;1146;1039;1445;1093;1360;110;126;97;61;108;85;88;115;106;118
402;8583;12463;12228;9103;1195;783;759;1444;871;772;1233;697;66;119;75;126;97;91;127;101;108;58
403;12474;13742;9493;9134;791;1353;1136;1301;526;782;781;1474;85;99;81;51;122;86;130;128;52;105
404;13153;6159;12479;8300;1435;1399;860;615;589;1090;814;1210;90;75;55;116;63;145;107;104;67;122
405;14353;8985;9092;7750;1235;1194;924;538;1011;1279;1370;1458;104;96;111;149;53;61;102;74;94;85
406;12322;7958;8962;7807;1297;1216;699;513;1247;709;993;716;104;79;98;79;50;73;58;94;88;103
407;9321;10656;11563;6041;1401;1334;1276;1197;1396;861;1106;1171;73;52;131;93;132;60;138;146;54;116
408;5713;5079;8346;9501;687;1365;701;1144;840;561;837;674;111;100;107;146;57;58;88;87;146;79
409;9278;10901;6523;6718;1170;660;939;929;1459;1216;1256;544;67;129;80;106;87;85;141;74;107;81
410;13741;5047;14445;7930;625;1449;866;1214;1046;556;1305;988;116;134;97;53;102;75;97;56;77;126
411;13559;14687;6133;14677;633;1154;1454;721;1445;916;1495;1346;98;128;116;138;100;67;73;130;124;85
412;11196;8282;7182;8409;1019;514;933;1146;1397;949;1201;838;131;83;74;125;141;120;72;101;86;89
413;6029;14207;12316;10036;530;1441;699;845;862;1037;591;557;96;141;108;65;74;134;83;112;50;133
414;10909;11165;14973;14230;1362;957;1263;1345;1159;1039;641;1046;121;135;52;121;104;56;55;109;115;67
415;12853;10538;5771;5433;1165;1398;764;1460;736;1491;1215;1299;61;97;57;117;71;135;140;134;94;133
416;7785;7570;9176;5151;503;1190;983;795;912;1222;525;1184;116;96;138;54;138;51;143;98;132;134
417;11487;12387;6771;12872;1361;700;1035;1077;629;900;509;843;64;53;60;92;89;81;107;129;135;128
418;14552;6090;9722;12892;573;818;1125;1291;956;1262;1405;1093;115;125;118;110;109;105;106;118;115;57
419;5036;9488;9091;7703;1462;1183;1053;1445;641;1445;623;686;50;119;85;52;135;135;95;97;104;102
420;10781;8105;12509;13253;838;1107;1027;1451;746;700;723;694;126;98;122;66;104;115;134;121;113;123
421;10800;12469;10247;10187;754;913;542;1140;648;1181;527;1106;54;51;140;81;56;90;115;131;114;136
422;9050;14638;6337;9170;670;1214;927;1087;1181;564;1157;555;141;115;63;59;103;134;129;134;79;122
423;5110;8817;8510;5344;1221;894;594;1190;1172;1326;886;792;94;146;63;95;57;143;83;77;108;110
424;8893;11561;11529;13217;1363;1300;1006;1233;1341;549;518;739;69;140;72;116;84;147;112;140;94;137
425;9914;14681;13901;7837;896;754;535;950;881;1307;554;1339;61;62;101;72;124;53;60;117;84;52
426;6774;9631;11670;5160;1326;1379;1371;702;1339;564;1414;767;61;63;119;99;64;88;52;109;132;61
427;6113;9715;10043;6512;1013;811;506;1072;896;503;557;1200;77;95;64;141;139;59;112;93;105;146
428;8112;9045;6762;10650;1258;1218;1128;679;618;1117;1143;1279;59;103;136;94;81;136;115;96;137;110
429;8123;6258;8029;13800;998;978;638;922;1323;589;544;984;119;117;112;113;140;148;115;116;141;145
430;7058;14217;8367;12715;1395;1444;506;1005;1435;633;866;1494;56;67;102;66;128;105;106;140;75;75
431;13880;9149;5737;9640;760;837;1023;657;768;1110;1317;1238;121;99;93;107;91;73;149;134;92;130
432;7505;11444;5164;5472;1416;991;642;707;711;704;605;1497;117;113;120;86;60;140;78;113;120;146
433;9115;5972;11345;13642;1383;1333;1084;818;654;1318;1078;966;68;106;129;128;132;127;114;53;130;136
434;11097;6815;8610;8594;1018;1246;1042;875;553;724;1200;767;130;75;57;110;131;124;86;143;55;57
435;14131;13635;12933;11427;912;1351;1290;1088;1151;1223;738;684;88;83;112;95;71;88;122;124;92;64
436;10833;5412;6453;12974;764;1347;1006;595;635;732;844;1070;84;69;148;76;129;104;131;119;85;70
437;11152;12026;9910;7380;630;700;1058;628;827;598;1452;1292;73;131;55;118;127;127;99;58;71;87
438;11052;12087;11446;8171;1096;1355;1350;933;1358;637;1089;685;125;133;114;88;83;57;66;130;59;71
439;10211;8916;13321;14602;1426;1117;859;843;930;1356;871;1283;73;112;120;142;145;110;63;93;117;59
440;13425;12071;9874;8593;1179;1325;587;1411;850;744;719;1388;96;84;138;91;63;137;79;84;116;105
441;5587;6907;10015;7412;1414;1159;1392;945;1181;1213;1022;636;126;133;52;119;143;90;81;146;136;128
442;5033;6839;10953;7498;810;513;1489;1062;1403;1068;710;873;140;93;132;128;57;134;93;77;108;126
443;5140;13503;14319;5946;1102;1129;648;675;1249;762;612;1147;89;131;94;52;121;112;53;132;79;132
444;5830;6463;5257;6712;1038;1044;913;525;1439;557;1074;628;141;70;63;57;148;101;120;77;87;102
445;14830;6051;6907;10152;803;531;611;1239;553;1351;710;1300;147;111;69;104;95;57;70;136;83;126
446;10634;12007;12849;5411;648;1285;1107;1339;1077;986;965;1437;56;96;66;66;123;96;77;54;122;78
447;5690;8108;8328;5049;809;588;575;983;1071;1290;653;804;124;64;62;92;131;117;111;60;66;101
448;14631;10800;9908;14345;1021;1411;587;1368;691;941;870;1109;72;106;75;124;52;56;116;68;130;75
449;6269;5864;5717;5157;873;1058;672;1035;1238;1268;1088;512;110;109;108;136;133;77;86;131;58;61
450;12740;10951;8033;13414;1191;1067;1137;574;1423;567;1369;797;70;74;120;85;114;74;82;97;89;106
451;13184;11667;6150;5518;712;958;829;838;1295;1123;1268;893;79;123;81;84;59;129;103;106;57;106
452;10203;9003;14553;5772;985;1300;1081;1077;1130;1266;831;995;111;143;121;119;65;147;92;96;59;126
453;10216;14045;9695;13082;518;1032;861;1156;847;715;671;1491;55;119;65;136;83;80;129;89;61;143
454;9971;13765;13776;6150;1343;1279;651;1346;1117;1484;1364;779;51;122;93;51;56;105;143;97;137;55
455;12686;5214;6281;13404;785;795;729;737;1151;602;546;1129;147;99;137;102;88;84;129;147;62;144
456;9519;10698;10471;5265;1405;1302;1438;849;528;1371;752;1401;111;87;116;55;150;129;69;74;136;136
457;8712;11619;8169;6881;1268;1148;849;1047;1085;708;1441;970;134;85;85;107;116;61;76;85;131;98
458;8912;12387;5170;6784;746;1075;683;1041;605;1363;1452;612;134;148;113;124;54;106;104;55;149;80
459;9018;11781;7399;13496;1274;1255;1112;611;681;1093;1431;804;143;75;128;66;76;113;63;142;99;51
460;6354;9822;5679;13803;1391;1087;504;679;1465;1052;1106;967;107;59;68;116;109;136;118;109;146;83
461;6196;13272;7222;6424;824;670;1041;873;937;1268;1376;1412;110;70;76;140;116;79;73;86;59;113
462;13137;12878;9303;5832;1227;1199;1084;988;1392;817;1323;640;131;116;147;71;118;58;133;74;95;58
463;14937;8684;14750;13853;1376;952;933;1306;565;854;1290;625;144;119;140;50;101;119;78;76;136;69
464;10239;12644;12908;11676;1426;958;1105;1009;579;1192;661;1113;95;113;101;57;85;60;132;60;128;141
465;14679;12183;8695;8713;686;942;628;1174;988;1164;1221;592;54;128;76;57;144;61;121;125;143;97
466;10461;8176;10006;12867;847;676;722;1006;1079;1171;584;677;78;65;122;98;145;106;126;99;122;103
467;10691;14173;7869;8230;1288;1003;1278;858;1321;554;936;569;67;82;125;110;57;109;123;87;105;132
468;7019;11082;12041;7953;1109;1062;1047;983;948;911;1052;1298;97;52;111;89;62;75;115;125;73;116
469;12901;10349;10546;13389;1129;511;570;858;592;748;801;726;83;82;66;65;98;100;68;109;64;124
470;8076;14362;6506;14858;547;554;1483;1386;1168;699;1227;1382;79;96;97;85;65;108;108;51;75;58
471;13803;9943;9647;8878;1094;1361;671;1039;1303;814;849;657;130;94;67;88;94;58;93;54;54;92
472;9827;5588;9543;13703;1162;1235;1020;942;1007;1210;1249;1149;139;109;59;75;147;55;95;50;141;139
473;5717;7705;9992;13456;1037;634;1398;1380;1166;979;1463;956;149;108;144;77;120;88;113;75;104;140
474;13471;8690;8020;7392;606;582;853;662;514;1226;758;1231;60;83;144;94;106;94;135;143;107;56
475;10233;9285;6061;12171;999;830;1024;1259;1284;1406;1002;1432;85;147;78;136;129;89;74;52;139;100
476;9437;11501;13473;7445;995;1231;1122;620;846;761;1067;997;132;105;57;83;78;113;118;131;111;135
477;8338;8313;13236;7835;1371;1235;930;875;1494;619;810;1001;143;141;130;113;121;141;87;106;85;101
478;11696;12539;6726;10397;761;842;1225;884;1335;1246;809;548;95;88;133;127;91;83;110;108;95;86
479;8611;9616;8185;13174;1392;672;1069;858;585;1161;694;1411;133;110;74;80;130;142;61;146;96;68
480;6036;12200;10552;14480;1153;1177;876;1296;803;1061;1137;844;52;128;94;91;102;58;149;148;132;67
481;12116;11550;13963;14667;882;1200;1373;1022;1381;1232;1039;647;146;99;146;66;54;116;74;129;117;62
482;11281;9327;8038;12839;1438;999;858;992;1275;1262;674;1257;88;143;70;140;107;67;100;103;149;94
483;10996;6712;11092;5213;1350;1454;673;921;529;510;1405;1066;87;55;122;77;61;102;85;149;124;120
484;8421;13104;7537;6767;664;582;913;571;1170;614;993;629;131;52;67;110;59;125;129;103;100;50
485;5719;11132;11578;5141;1442;686;1213;859;695;1207;669;1473;135;123;105;116;126;148;91;84;101;71
486;7474;10638;10569;14379;649;945;1415;948;1002;1454;1224;1256;67;117;62;125;129;142;63;82;58;64
487;9736;12457;8098;10912;770;1244;1464;1408;887;558;748;854;104;100;53;87;97;62;145;50;99;112
488;9766;11636;10624;9081;816;760;1099;665;1216;540;537;1160;116;73;131;141;58;127;147;129;133;133
489;9362;5236;7803;13950;603;954;1472;979;788;511;1079;1077;109;118;58;88;114;121;93;78;111;140
490;6494;13070;9051;13376;1301;694;1427;1449;1446;1397;1347;638;120;130;100;141;121;78;123;104;60;150
491;11077;13896;12364;10634;1321;1421;760;1329;546;892;1127;557;120;69;104;65;122;127;85;106;100;119
492;5207;9266;8618;14837;928;1003;531;1019;848;1129;1371;1210;93;90;51;104;120;75;108;86;120;63
493;6219;10678;10582;6411;970;542;1455;1437;714;686;752;762;119;144;147;57;68;104;145;55;54;130
494;6371;11517;10299;13202;1202;938;617;504;1100;1452;1226;1295;102;106;148;68;66;62;137;71;55;142
495;13790;11954;6966;7242;957;984;934;1493;966;1081;1421;1445;97;67;97;113;80;52;140;58;117;108
496;11144;11082;5898;12924;708;1181;693;520;1005;1187;1361;1385;52;55;108;79;52;101;128;130;105;58
497;9420;5472;14650;10386;1069;1193;864;1168;1431;979;783;757;106;85;85;70;77;114;69;103;145;137
498;5390;6291;14127;11385;1086;1339;1295;703;640;667;829;897;131;110;99;59;138;110;70;111;145;66
499;14528;7291;12145;14333;1094;1066;858;539;726;545;925;1392;131;101;70;66;97;149;115;114;96;114
500;14686;12957;9040;9740;1002;1395;1142;1296;651;972;1430;827;76;129;142;69;113;124;112;104;73;139
501;5516;5823;7321;8431;940;1246;597;1066;824;1415;1292;1248;71;65;84;113;122;105;65;63;127;76
502;14668;11504;10174;11079;1394;941;652;1306;1377;1042;896;701;95;110;141;96;106;103;100;121;131;70
503;10614;9430;13086;8572;1170;1010;671;582;1299;975;869;1215;58;143;134;55;102;101;58;67;141;136
504;6655;14222;5126;5978;607;903;1226;696;1438;1076;1149;1318;79;91;141;149;101;55;123;109;92;138
505;11613;12142;7196;6009;1275;1046;1219;525;709;557;1202;1359;109;54;88;73;144;147;77;111;78;63
506;9064;8857;9831;14247;1011;1096;812;980;802;807;889;935;95;73;96;141;144;130;84;64;128;89
507;9152;14701;11361;11305;974;910;1410;1438;1100;1332;599;771;112;96;147;86;143;75;110;83;65;138
508;12497;5611;5356;7807;1436;614;593;1088;681;719;1182;1077;111;120;56;96;123;71;60;92;93;77
509;10378;9167;10028;12319;1037;541;1477;1019;915;1253;957;996;91;105;100;135;66;99;67;101;128;92
510;11150;7401;14472;12156;1219;926;1009;1451;859;1017;1007;1354;136;58;52;58;75;123;61;92;66;95
511;10149;7279;8143;14205;710;1334;1210;1021;1111;561;1127;1108;54;121;96;135;113;95;102;78;60;69
512;11114;12997;12207;7736;1375;1214;810;774;1370;1220;928;720;146;73;147;64;62;126;66;127;57;79
513;14631;13342;6632;7661;882;727;1250;1269;1215;1042;656;1152;106;54;131;99;65;107;132;75;103;107
514;11941;5930;6123;8744;520;1378;1429;1209;1325;999;1164;580;126;84;104;80;96;112;115;146;83;107
515;9134;11720;11328;10260;564;1416;785;891;849;1198;893;1092;81;97;98;134;60;119;85;63;119;64
516;11097;9551;10853;6953;799;985;1095;1031;1276;708;1057;522;52;86;141;143;90;144;106;63;67;73
517;8332;9692;6475;14596;1488;1110;723;818;787;1051;1121;1398;149;90;137;111;143;67;64;62;133;67
518;6093;6063;6818;10051;933;1225;1436;505;1183;749;870;1212;143;149;108;128;125;119;145;102;51;92
519;12404;14975;13511;7999;713;826;1278;1207;647;807;1144;1007;143;146;139;100;94;92;89;137;115;140
520;12847;6229;8392;5906;793;1352;1308;1123;1366;509;1178;910;122;97;115;150;53;132;144;72;59;69
521;13403;13598;12439;12518;1194;1200;597;1189;758;1353;1211;897;126;129;55;104;131;136;145;89;69;99
522;5521;11364;14511;9269;950;1300;1240;1217;678;539;649;1079;133;78;148;67;102;130;78;87;90;125
523;8169;10555;13510;6239;1445;1392;1474;1357;1053;1189;903;972;67;81;133;69;116;92;149;116;136;101
524;9464;13689;10821;5905;823;873;905;1160;555;1265;835;1398;75;118;65;89;60;100;133;54;114;50
525;13702;14108;7677;13171;1083;874;1361;696;992;1193;555;1291;123;105;83;114;64;132;78;128;104;126
526;13540;5519;10194;11941;973;624;728;1352;1227;1057;791;509;74;147;116;125;86;137;139;98;107;63
527;6701;5241;10903;7370;954;649;700;512;738;561;1232;694;129;77;119;77;126;125;70;74;54;97
528;6172;9639;13600;5602;514;1163;1457;671;1200;720;1245;632;50;120;57;67;57;137;55;88;57;95
529;10093;6712;7892;7606;1255;810;1418;1448;1432;1435;1422;552;57;101;130;140;124;85;113;85;59;60
530;7515;11743;7176;13749;828;1176;864;1409;1087;1035;1021;840;88;92;98;85;146;104;115;94;109;50
531;5155;12008;13964;10855;1297;1166;605;1214;947;910;757;1065;135;57;130;69;115;112;52;137;126;93
532;7954;9233;12081;8930;1275;1278;1244;1478;550;870;845;1468;128;127;84;142;131;143;118;63;121;74
533;8495;6417;14977;8059;1203;1043;1354;1353;654;870;874;1377;68;134;146;118;129;98;140;100;99;123
534;5742;5029;8406;7794;1092;865;1345;711;618;558;996;1017;104;109;147;61;55;98;92;63;114;51
535;14557;5869;6283;10679;1267;665;1185;529;1083;562;1069;1432;81;102;82;145;113;122;70;56;137;53
536;14802;9026;5239;8023;759;696;1235;1154;785;1421;1468;860;85;117;96;71;110;78;64;72;143;94
537;11755;5341;12671;11619;1075;616;1325;963;1334;1304;1061;1282;76;73;139;119;54;120;60;108;68;115
538;14977;10637;6920;10672;607;840;1055;1235;1172;623;636;706;81;75;62;110;67;70;71;132;81;113
539;14382;14671;13016;5726;697;660;1408;1459;599;1095;1127;1065;148;65;100;99;57;99;114;51;67;93
540;8951;13208;5307;5946;1248;677;543;975;535;1013;977;1215;99;109;103;89;119;65;128;108;111;109
541;13363;9380;10304;5887;580;914;1039;641;978;1496;1277;1063;50;117;74;75;63;53;62;107;62;95
542;7217;14705;10086;8943;1056;870;1299;897;1201;679;1238;1492;121;87;131;110;62;146;71;100;129;127
543;14799;9266;11021;5250;722;1416;949;871;520;923;1279;1199;82;144;140;137;103;67;132;140;87;118
544;12087;13393;6524;9244;1014;790;1084;1193;1496;980;513;1214;70;142;129;65;80;109;126;120;146;64
545;12460;6354;10905;9627;1438;1037;710;783;1481;1048;503;868;149;114;131;95;107;83;77;68;64;63
546;9685;8020;12824;14429;1245;1316;986;1043;673;1150;697;816;51;64;146;117;77;123;122;58;54;126
547;11757;10352;5751;14371;558;1142;1260;1240;689;722;1169;682;86;126;148;80;148;145;59;142;142;96
548;14187;6891;5519;12479;602;1297;1499;645;546;1226;675;522;112;115;101;135;91;141;135;58;107;123
549;10412;14602;9093;7807;503;798;624;676;1437;882;943;1230;147;123;82;105;134;72;101;121;66;89
550;7722;13682;13816;8653;528;834;1336;1065;673;1056;1324;983;113;75;61;52;89;54;130;94;102;137
551;11893;11485;5886;8996;962;653;1079;668;956;928;1306;987;98;123;73;118;96;93;120;82;118;65
552;9764;9354;12652;6897;580;1385;722;1003;1467;990;565;962;96;105;99;145;85;62;138;60;147;125
553;7460;12126;6280;6029;1324;641;935;892;1099;947;1176;1026;118;134;100;144;139;62;56;62;144;79
554;7936;5076;14948;7493;669;797;1228;1273;1142;654;1478;1210;131;144;63;134;54;99;92;94;62;125
555;13793;8130;8089;5616;906;845;655;1132;1011;1125;623;1477;113;142;78;123;100;61;77;147;76;65
556;9559;13991;8927;12257;685;978;569;1122;1052;928;1429;1200;102;76;50;58;123;114;74;114;105;132
557;12821;11555;10808;13098;1495;674;989;1212;643;1193;888;1260;52;96;96;149;133;90;89;79;72;131
558;12513;13867;8389;7843;966;889;1209;1309;644;1302;1107;551;91;64;134;102;88;94;77;57;70;111
559;11406;13115;5998;11198;1282;760;1373;838;1151;1239;1455;1397;131;107;144;150;103;119;120;133;109;108
560;8489;14583;12731;5348;677;791;659;583;1198;961;895;1189;111;63;82;59;147;143;81;113;70;76
561;10698;8611;7439;10823;997;654;1074;794;1474;1482;509;1178;64;142;94;64;70;96;129;111;135;132
562;6575;14884;10309;8059;713;628;1269;570;585;1216;691;1039;107;147;115;123;54;107;132;100;103;116
563;10136;7324;13109;7348;852;559;839;649;1422;787;871;1233;67;138;129;77;150;81;126;69;51;50
564;13772;13683;10815;12014;1140;521;1253;1157;1192;1266;622;1261;101;135;99;76;120;111;88;111;57;67
565;7049;9506;10520;7559;1411;601;1108;1370;1416;798;584;1271;117;78;138;68;96;59;131;51;85;60
566;12381;13661;12404;5229;949;560;602;647;664;564;1141;986;100;111;107;83;106;131;102;127;51;100
567;6828;13581;5415;13287;949;635;896;1302;989;807;1235;687;136;57;138;99;75;91;143;76;145;150
568;8569;5216;9648;14633;1065;1105;1316;1015;560;566;1179;1262;70;122;57;84;84;108;115;116;86;71
569;10838;12485;13646;11284;823;1283;1298;611;811;1153;1393;822;137;110;110;69;73;141;125;110;84;142
570;13965;12427;14057;14649;1453;560;1360;709;807;900;903;519;141;69;106;127;96;86;115;117;55;81
571;11340;12441;5951;7984;1292;1181;656;706;950;836;815;1041;120;123;131;88;133;130;132;133;78;108
572;13069;6110;14362;6083;1407;1047;1384;1070;944;643;638;944;57;55;75;75;79;57;70;73;119;116
573;7072;5143;7880;5572;923;1469;698;1291;598;653;705;997;96;106;97;75;122;71;129;98;85;138
574;12558;12598;8908;14821;1397;1241;1008;879;1333;1074;1374;1210;66;125;66;98;123;96;78;132;89;129
575;12765;12593;5571;9605;520;864;768;1031;1125;932;1248;647;106;146;85;139;102;75;118;55;130;58
576;7690;5341;13531;6269;773;980;1318;809;860;759;1193;875;123;129;60;146;112;135;77;129;70;99
577;8145;10680;13802;11006;1335;946;1060;679;1380;891;1216;1202;77;132;141;133;68;102;105;97;88;103
578;9829;12373;14342;11487;531;695;1078;531;1010;1208;1245;972;94;89;64;145;69;53;131;111;58;61
579;6384;12750;13230;9663;707;556;1402;1374;1202;788;1095;1491;73;106;73;113;87;120;87;92;73;83
580;15000;7888;8454;13640;847;543;586;1266;639;927;1048;1058;78;148;96;81;145;128;85;127;100;66
581;12921;6530;12617;13195;1157;1186;666;1278;1450;1375;655;1349;84;107;64;58;79;133;59;80;120;58
582;7663;12082;12148;13663;651;661;1142;1034;822;1225;759;619;149;133;109;86;105;108;123;109;50;98
583;10523;7017;7865;12807;645;1322;1273;1440;704;599;850;1164;77;74;100;140;111;50;95;87;129;125
584;9105;13508;9598;8931;1037;578;917;1339;672;706;834;920;65;131;149;66;122;116;112;138;139;126
585;13339;13219;11726;9701;924;1404;1312;1432;783;958;1266;544;97;127;50;73;76;115;70;145;110;103
586;14868;9756;14696;6905;1057;907;878;1109;1083;1180;950;848;58;68;89;83;134;51;83;147;129;133
587;6471;9919;12638;9004;639;1287;844;665;608;1429;1485;611;66;136;88;86;85;82;143;64;73;113
588;6929;8701;7995;8634;749;1166;844;731;1414;532;1263;1059;117;131;141;86;92;141;123;134;136;129
589;10881;10270;6340;9985;661;1454;1157;1077;728;1085;1143;1194;95;93;99;144;75;130;142;72;99;86
590;9364;8642;13466;9151;822;692;1248;1124;924;696;1469;718;115;105;93;128;59;143;130;72;52;124
591;7874;14210;6452;11834;969;1037;677;1392;1098;1419;1053;575;92;102;97;82;145;127;85;78;121;111
592;6155;9113;14019;9421;1021;1150;677;1381;1402;527;1112;805;145;102;137;141;80;105;53;116;80;140
593;5271;6523;8613;7313;1469;759;770;1138;1105;553;1052;1360;93;119;95;62;58;62;61;106;89;58
594;12932;8467;8108;5103;944;917;958;748;768;956;650;1420;66;60;88;117;122;137;132;62;117;122
595;14064;13023;5308;7626;779;674;911;1217;1345;853;1479;1058;51;144;141;110;59;85;134;89;65;82
596;7227;6783;14391;8193;776;1054;683;887;1360;944;930;631;138;97;118;52;134;129;96;71;116;52
597;9859;7016;12273;10519;1459;716;1342;592;745;701;1168;1005;54;63;78;119;142;63;76;63;88;117
598;5510;8872;13824;8370;1248;1466;1149;1292;1253;1303;1188;1156;62;56;113;60;64;130;56;104;77;81
599;7877;12914;10278;10978;1116;1011;966;1276;664;1248;1445;1460;104;119;103;139;57;63;52;99;147;124
600;12317;8232;12067;7277;1394;676;1416;566;1120;680;1445;856;60;52;91;146;51;74;56;68;65;141
601;10086;6218;7996;12611;1425;1020;755;601;1061;1305;777;1340;114;130;55;148;110;71;114;108;72;111
602;10159;13767;9260;8661;1002;1081;906;1184;681;732;818;792;78;144;83;62;119;69;112;149;137;67
603;5108;9481;14984;13564;1460;1352;1343;821;505;600;835;1231;90;137;98;130;130;104;56;127;137;115
604;9371;10267;7638;5517;824;541;1251;965;518;587;920;1188;102;113;147;95;53;124;124;84;54;138
605;8516;9127;10267;12871;651;1000;785;849;868;913;965;801;66;89;88;62;132;60;82;150;108;94
606;9951;13490;13323;12096;623;753;1433;929;1155;786;1144;1259;76;148;84;97;58;92;143;126;92;71
607;7859;11461;13494;7727;1404;599;518;1260;1142;670;1172;997;110;107;107;149;136;138;72;114;142;96
608;13839;5532;9811;8764;635;1034;1399;1017;1273;1248;611;1161;108;145;107;74;71;147;103;65;90;130
609;14800;5386;11921;7352;1123;982;691;1105;1112;848;1227;1390;72;129;59;112;119;142;82;63;91;76
610;11327;5337;13510;11353;927;971;707;1312;795;691;750;1438;106;85;83;120;147;93;71;86;74;75
611;6379;11053;8748;9581;1185;1200;1029;520;1273;1475;1158;912;90;106;123;78;71;101;127;116;83;145
612;9688;11823;13980;9876;660;1108;597;1450;958;706;901;789;72;84;64;114;101;73;93;54;138;58
613;7809;8126;14926;14288;1354;1343;788;961;1437;1125;812;643;81;120;140;119;130;132;145;56;141;89
614;12014;5889;9703;5868;1365;1341;580;939;1417;719;1149;959;113;135;71;55;112;144;106;58;125;139
615;8055;9875;12790;5450;1191;576;1110;815;699;1346;987;521;145;97;66;122;79;143;105;112;86;74
616;13719;6465;6451;12532;778;658;715;1379;586;997;638;528;75;86;104;104;127;100;119;131;91;148
617;11275;12922;8275;9578;1217;623;617;680;1129;812;676;1296;100;52;65;65;88;73;124;87;74;59
618;8782;7179;9796;5041;878;1096;586;660;1064;668;599;826;117;137;67;147;99;79;67;135;50;69
619;14652;13406;7645;8752;822;603;714;551;961;1151;852;973;143;66;56;82;128;68;78;89;103;51
620;5867;10725;8455;12272;1161;1206;772;1179;519;1256;851;1355;124;135;132;146;89;61;88;60;86;130
621;14951;7650;5737;5972;617;659;1060;1325;803;930;827;912;94;106;107;97;70;73;56;122;99;80
622;14284;10125;7663;12279;541;543;1430;1056;899;988;1425;873;58;76;104;56;132;102;129;131;81;110
623;8942;9170;10561;14071;1095;1351;1439;748;832;979;1290;1397;111;70;101;105;119;99;68;116;54;105
624;9627;9977;10697;7405;675;834;1288;1011;1039;638;1099;976;121;90;110;144;57;74;88;124;65;104
625;9996;14097;6377;6178;648;880;1454;944;748;931;756;1018;58;94;118;112;50;52;116;52;150;63
626;14539;8719;13231;13180;835;915;833;602;963;1110;1308;1043;92;83;96;105;119;52;95;143;111;114
627;13198;7293;11276;5029;1018;866;1288;753;543;1253;997;792;100;58;93;114;99;66;116;139;80;78
628;9561;12642;13552;11601;1127;831;590;630;1161;1166;719;712;78;131;148;69;64;147;77;104;55;126
629;8007;10676;8475;9393;1066;557;673;1208;821;1416;696;930;135;74;85;135;134;67;82;123;93;128
630;8532;12985;5663;6753;1400;809;1366;751;525;1206;1472;1317;149;58;125;84;83;128;67;57;56;74
631;14595;14226;10518;11303;1442;1255;1243;1418;983;1366;920;1346;114;142;144;58;70;54;132;51;126;66
632;8805;5541;10677;13985;1168;1273;855;764;719;612;819;1182;81;62;96;62;130;145;96;89;141;56
633;14155;12279;13244;14213;754;953;755;720;705;1084;902;664;116;145;104;123;101;90;112;114;74;134
634;13829;10532;13640;8168;1282;1189;1308;555;1226;1460;1060;1121;117;96;52;120;102;53;136;91;113;111
635;10020;8587;5870;13044;1174;884;1425;1020;861;1392;1476;1037;138;75;130;55;75;107;105;124;141;100
636;6114;13976;9437;5668;1120;1325;1286;809;1182;820;832;1198;127;107;80;67;51;99;138;149;96;150
637;11883;5938;12343;10602;1274;1211;547;1389;1080;1303;1462;1118;76;143;101;133;142;130;88;90;92;76
638;9093;14498;14339;5185;1345;722;1429;1103;1024;1472;1177;705;117;62;85;93;120;77;113;84;125;67
639;12568;8827;14829;14989;939;527;733;757;1299;717;1174;1326;149;78;61;146;64;110;54;78;122;103
640;12222;6137;13391;10355;1469;1336;1401;1051;817;731;1084;707;90;84;149;79;92;87;98;112;112;107
641;9935;11028;13568;11699;605;779;517;631;1493;1152;1043;506;125;131;97;83;83;122;117;143;88;139
642;9204;9391;9380;8168;685;1076;1407;1170;1257;883;521;580;67;147;102;91;70;95;107;59;56;70
643;13187;13727;5428;13385;1236;765;1196;1097;1067;1013;895;1268;100;103;85;144;141;102;138;54;134;111
644;14849;9795;13846;6570;557;1195;563;831;855;1452;892;848;127;71;78;115;150;94;58;93;112;62
645;9785;13305;13562;6406;638;1329;1010;1485;1233;674;1231;766;139;58;123;91;51;125;84;95;69;104
646;11149;7794;9439;13094;879;531;1349;940;1358;800;646;709;56;137;92;132;77;121;69;149;125;86
647;6546;8721;5608;12549;877;642;1399;1187;1246;1221;1252;912;66;82;100;83;77;86;96;114;53;64
648;8978;5888;8472;5311;1078;524;582;1393;664;1365;559;1054;128;50;130;144;87;89;80;73;87;95
649;10600;8627;9131;7092;729;1334;817;892;1426;916;1066;735;121;71;138;141;132;135;113;61;120;92
650;14961;6869;5695;11454;802;620;540;1035;830;1231;1132;1124;91;89;140;91;51;57;71;104;85;66
651;7011;5897;5556;7513;821;1057;588;840;628;694;1032;1305;55;97;107;68;58;81;89;102;65;123
652;10980;11364;8111;8964;961;1493;1177;942;1101;966;1364;1412;114;74;126;142;61;83;99;67;80;137
653;12357;6770;12343;14913;753;1362;590;1182;1424;1426;1168;1422;94;79;96;65;68;100;133;98;144;141
654;9913;10238;13408;8305;873;1471;1207;1132;759;1119;794;1436;62;121;87;131;147;120;116;123;97;134
655;7654;6080;8484;6846;516;1269;1390;1454;1144;832;857;1482;94;108;84;56;87;93;138;108;69;59
656;12300;11114;5159;6451;1256;819;597;730;1310;1126;826;1327;58;75;108;68;111;93;100;109;52;87
657;14774;13887;6843;11035;662;1238;1198;1011;1128;1171;813;727;128;91;148;150;146;105;117;64;60;85
658;13989;14552;10256;13564;1359;1230;1055;1404;1171;1099;910;1194;84;105;121;108;108;79;118;139;60;118
659;5118;10916;11260;8621;1430;809;1399;1098;1149;1074;914;1242;127;135;117;93;101;79;54;77;130;127
660;8511;8629;7076;6557;1104;749;1162;924;610;678;646;821;62;75;80;91;142;75;141;96;128;122
661;6154;10440;14962;11434;691;1489;976;888;1343;1102;854;720;90;102;108;134;126;86;142;117;136;85
662;11395;6401;14140;6111;1303;1141;1330;635;1214;504;659;752;136;61;112;90;94;121;146;107;60;62
663;9658;8260;5851;10856;930;928;1156;1081;822;725;697;618;105;97;129;131;79;107;103;123;87;53
664;12163;12461;8130;10480;1037;1011;1093;520;1292;840;709;937;91;132;146;82;107;95;110;127;108;60
665;9977;8689;11462;12401;824;1153;958;619;838;592;808;510;113;112;63;52;88;144;84;69;56;65
666;5602;7996;5668;11504;503;1295;987;1068;1166;1089;800;998;97;92;88;76;74;99;64;62;80;61
667;14829;14715;10109;13780;945;619;640;531;1021;938;683;1415;53;51;115;95;89;76;77;101;145;149
668;13295;5550;12339;6253;1140;913;1452;709;1244;714;996;858;59;56;83;107;145;58;104;62;82;82
669;9210;5259;8512;14472;1405;749;1492;585;918;1149;758;1151;92;52;60;106;127;142;136;53;126;116
670;6190;5454;7019;10025;922;1119;988;1016;1189;1239;994;1123;118;86;52;147;90;105;75;63;115;109
671;10434;11126;10188;8164;729;1296;626;1324;861;582;1138;1179;101;119;123;135;99;62;60;112;127;105
672;5697;5290;8415;11144;609;942;1321;1452;1249;1122;1406;994;51;113;146;116;109;127;57;103;115;80
673;13359;9768;10023;14308;728;617;1230;1426;1364;1451;1282;549;135;68;62;120;91;126;79;82;124;61
674;13285;13177;9429;10334;1210;696;1404;1219;1094;758;738;625;125;107;138;140;101;72;129;106;145;110
675;10340;9194;7411;8855;1125;1214;963;931;1251;1125;1026;700;124;142;105;109;145;101;78;126;102;79
676;12673;6650;5508;8847;1412;825;1014;1247;906;569;1017;1197;105;68;81;137;86;101;52;122;74;82
677;7549;14804;7718;13564;591;945;1162;1211;820;1442;1117;572;88;97;96;133;96;62;56;120;142;123
678;7148;13798;5844;11141;726;1247;1441;519;612;1129;1362;604;65;131;106;68;87;104;133;97;133;115
679;12211;7454;6208;7523;965;580;927;906;804;713;840;539;61;62;68;81;52;63;138;80;87;110
680;6574;8959;8821;13299;589;984;874;867;699;951;1151;1191;53;106;133;60;119;73;107;129;102;132
681;5671;12092;11397;14018;1496;1085;814;1156;1303;1116;1497;619;82;92;136;89;64;87;90;148;120;142
682;5066;8313;5412;7293;1398;637;706;851;1241;564;917;1465;53;89;113;83;107;58;145;77;106;57
683;7228;10283;9509;5375;1098;720;1413;1395;1413;1426;1153;1453;72;91;74;150;124;104;69;86;94;140
684;6091;5453;11401;8411;795;532;794;572;1407;944;714;1134;107;150;98;98;76;115;53;109;146;82
685;10213;7060;13623;14055;885;1477;1065;634;959;860;964;833;90;51;67;75;82;138;126;70;134;114
686;5834;10634;14930;5452;1005;1322;1004;1041;668;569;1319;1409;72;98;74;66;140;147;99;149;150;59
687;11171;10010;14029;8138;1412;1352;884;936;1139;1029;929;1229;72;126;85;132;57;77;113;75;70;100
688;10289;6669;7580;9299;1175;1284;922;704;1360;556;1194;796;99;51;120;112;134;101;148;132;60;80
689;12666;8330;13258;8793;591;824;770;783;635;1003;586;1216;130;130;78;115;88;101;99;91;119;91
690;11923;9364;13398;12402;841;1175;987;814;1185;1439;1188;1395;107;60;134;114;59;118;121;113;63;51
691;14984;8511;5554;11346;503;1421;835;1200;814;1185;516;784;106;64;105;129;56;89;132;119;97;97
692;5498;5850;11487;9048;760;801;804;906;1127;1082;1101;1184;122;98;121;100;73;149;131;90;87;97
693;14154;7740;5352;12303;537;1320;722;614;752;1472;1332;956;72;93;135;121;123;137;64;64;134;119
694;7262;13127;6625;13699;574;1163;1344;778;1349;897;988;637;57;67;111;76;102;99;107;109;127;110
695;6918;12154;5144;14175;751;1135;1487;605;1336;1240;907;849;81;101;123;115;122;106;76;72;89;120
696;13071;10010;11829;10706;1019;721;764;1280;1249;862;506;697;149;84;131;73;75;105;94;98;129;132
697;7381;11725;6391;7147;957;1237;1181;1390;1111;1413;526;1067;57;63;113;97;76;118;59;71;143;95
698;10817;10149;12387;6695;1181;971;1042;1061;998;1165;1171;669;135;133;76;60;60;122;115;122;59;135
699;5936;6486;5169;10193;503;1468;1294;1453;844;1208;1181;502;101;107;73;114;85;129;103;136;76;94
700;10269;14264;14386;14572;1106;1076;621;1250;1106;1032;511;1237;123;127;125;124;79;86;145;68;115;75
701;7703;13178;8532;9649;900;1288;682;803;891;779;1212;1220;67;64;127;89;88;129;88;55;99;115
702;5334;11536;6734;12891;873;783;524;990;1158;1407;1187;1245;63;128;53;98;97;67;114;87;138;108
703;14979;8939;10168;7174;1171;1278;1437;819;1197;1310;1301;990;145;130;73;73;120;87;53;71;148;81
704;9722;8475;8330;5159;517;977;948;1263;1121;532;917;768;71;78;126;84;98;132;118;120;52;100
705;11913;13303;9590;9172;976;1059;674;1270;702;1130;1100;1381;117;101;60;63;79;116;95;69;98;99
706;14089;11258;12614;12906;676;1367;1103;695;1070;794;809;1163;141;116;119;143;147;105;87;61;77;146
707;14506;6172;9717;6188;587;967;520;1159;818;714;655;987;75;67;95;126;108;149;98;123;120;74
708;13206;6942;11494;14624;868;618;1054;1140;1404;631;1080;526;133;117;119;58;67;146;102;61;108;142
709;5115;7794;12531;11684;1062;1183;827;1093;892;1322;636;697;82;74;53;56;123;111;52;115;111;105
710;10540;10695;9975;13842;1010;685;870;696;1397;1014;1264;695;97;96;116;109;135;118;55;119;103;59
711;6766;8788;9266;13343;1163;1395;1235;655;914;1153;1100;704;144;112;76;62;55;89;103;126;87;72
712;6582;11867;6403;11871;913;879;1087;677;938;1041;770;1474;143;137;123;103;79;113;81;110;145;80
713;13001;8907;14804;7059;1358;934;1103;536;1096;1199;835;938;135;103;51;118;64;139;124;118;67;76
714;12610;9478;12478;9038;567;694;1353;901;1377;512;624;1303;98;88;136;74;113;123;86;139;127;113
715;12253;14248;8784;10184;622;566;857;1450;1077;613;835;517;110;128;129;96;101;105;143;98;137;127
716;13541;6508;9410;12624;572;1407;1408;941;1428;1248;820;935;50;71;95;107;100;81;107;59;85;61
717;10490;8472;12622;13752;1169;1003;1297;655;927;634;675;1096;88;68;101;145;124;68;112;107;95;114
718;8362;7571;12118;10946;635;580;1361;1276;764;689;1311;566;114;80;85;64;130;122;132;140;114;140
719;6162;9705;6424;5825;1176;1435;673;525;885;1066;1204;607;58;135;93;75;76;60;92;143;60;63
720;5079;6408;12991;7089;941;681;648;1260;574;952;1427;1026;102;139;99;93;75;61;112;138;105;81
721;5613;13189;12557;13683;1121;528;1132;850;988;855;688;820;134;100;97;109;148;130;80;116;136;145
722;6575;13043;13608;5790;1221;735;658;1007;702;798;1058;1385;135;105;78;92;83;135;70;61;53;103
723;13856;13022;8502;10222;590;956;658;529;885;989;548;709;118;134;125;67;85;144;139;69;126;88
724;5772;13934;6178;5870;860;1317;699;1039;713;1031;1387;1223;149;144;67;56;106;126;108;51;146;123
725;5679;8823;11822;7340;521;1150;1169;1195;756;787;1419;1121;129;75;93;121;57;124;60;104;86;73
726;7999;13952;14475;14827;1064;539;1260;1387;543;1228;825;849;94;122;90;85;79;81;96;130;130;137
727;7010;7899;13350;5349;1190;764;1173;987;931;1084;682;1275;60;86;95;78;144;100;86;121;73;58
728;11608;9874;13069;11227;886;863;584;692;1143;715;1255;534;56;125;113;119;64;104;99;103;94;88
729;10371;14329;6747;7007;1249;1449;929;1129;570;1113;525;914;61;56;95;141;119;111;125;75;143;91
730;9537;7923;9188;12275;657;1010;1129;1279;1310;1435;1324;712;122;121;132;99;146;57;74;95;67;108
731;11455;11042;8948;14298;693;562;1119;1222;1002;902;716;1267;106;119;73;53;103;55;71;128;145;123
732;11346;10500;14617;14663;667;1088;732;561;910;1444;1014;1423;147;114;135;110;65;75;78;73;133;110
733;13089;14034;8194;8179;1419;949;1168;769;802;1413;836;628;56;99;102;115;73;113;69;58;149;140
734;5499;13832;6083;7721;1050;1252;507;842;1238;958;981;1404;132;72;71;75;70;102;65;116;146;84
735;13912;10973;10761;12017;1247;687;1220;682;1354;807;1214;1342;96;145;75;79;75;69;114;59;81;93
736;13581;10199;5612;13561;949;1223;508;797;1049;527;1034;622;102;138;98;80;128;53;51;149;96;85
737;9590;6025;7389;7173;525;1389;986;1273;550;1261;741;652;80;145;146;58;63;112;105;87;108;92
738;12781;8978;14168;7117;1177;906;740;1061;517;1040;1047;1141;58;123;83;99;85;52;67;84;99;144
739;14973;13146;14800;9784;1120;1168;1037;1085;1133;1230;1057;932;51;62;61;94;72;123;145;70;129;64
740;8751;5203;14954;8665;543;1367;533;1395;840;965;554;624;126;91;70;64;95;109;70;64;138;122
741;10867;6276;9812;6486;1390;1025;621;1180;1240;1442;1348;800;97;131;54;107;62;146;144;120;73;132
742;13135;5642;13725;12793;857;1370;1167;1428;637;1059;1144;1133;94;73;146;123;136;95;133;133;64;149
743;12467;9408;10259;8096;1083;967;550;649;786;1399;725;799;84;120;136;106;69;59;147;91;117;143
744;6943;7850;7933;9572;778;1429;667;1063;713;728;1475;1387;150;75;61;62;143;62;54;131;112;142
745;14302;9509;8828;9197;1269;635;777;1028;1493;1045;750;552;58;77;85;79;140;64;87;111;110;148
746;13544;5252;13637;11026;1011;543;1000;1455;1184;1353;1068;1001;70;150;64;126;84;106;111;77;129;139
747;9433;10138;10724;13717;736;519;1223;596;1299;564;1375;1271;129;75;101;113;107;75;92;102;90;82
748;8036;5273;14624;6277;657;889;625;1347;943;1100;860;1197;64;120;95;53;112;81;114;111;72;119
749;5436;7861;10837;9190;718;1443;758;1153;930;1448;524;894;100;55;52;74;93;149;64;145;139;94
750;8490;7487;10781;13415;1187;1129;513;1415;1489;1027;766;1447;148;117;131;101;136;68;82;101;94;148
751;5410;5755;5598;13862;980;1189;1022;576;1070;822;937;532;145;134;70;141;112;108;88;131;73;128
752;6034;8399;10601;8166;841;530;914;1133;988;862;1150;1129;129;81;110;86;103;93;93;145;122;140
753;8145;7810;10937;6738;1092;1182;644;799;749;1452;1440;926;146;134;82;84;143;142;77;80;144;102
754;6185;10457;12750;8443;676;1197;1179;1278;1317;1265;1462;1383;63;87;131;85;122;84;57;144;98;134
755;12790;10341;14922;11143;658;1278;989;978;851;522;657;673;78;87;90;97;95;132;92;89;124;122
756;5746;10814;8890;7984;628;1446;660;640;670;798;830;855;76;130;149;143;139;119;78;132;121;103
757;10143;10778;12692;13522;870;513;1083;1125;721;1120;991;557;100;110;125;76;93;144;108;90;63;119
758;6772;10381;7604;12533;1209;820;588;1421;962;1377;1476;991;106;100;148;122;111;126;116;72;59;112
759;6537;9651;6998;7783;908;1303;1019;543;1484;569;1375;571;87;101;63;50;98;99;102;112;89;109
760;5412;9130;8459;9297;1004;1088;729;703;966;817;1269;781;57;87;80;71;64;126;115;61;85;94
761;7641;8922;8852;12093;636;1326;977;684;1460;1240;679;1302;117;58;97;111;50;66;100;67;68;52
762;9426;5300;12731;14186;1320;960;541;939;900;536;1390;1416;107;112;86;104;122;59;97;102;51;61
763;7815;6562;7740;8097;1327;932;682;849;909;1187;1128;711;144;140;143;63;55;143;72;87;78;50
764;13902;11322;13103;5806;1243;547;1425;1319;1136;595;1440;1108;130;85;97;53;146;80;147;97;56;125
765;10526;6627;14435;10038;541;905;1486;709;683;1342;850;1303;56;138;141;61;144;117;121;81;73;103
766;10320;7829;5615;9102;1249;1192;501;1400;1373;1022;1329;580;104;77;119;62;130;106;70;96;65;92
767;9503;5240;8410;10703;1087;545;852;1388;817;967;854;1304;102;123;140;148;117;77;56;143;84;105
768;13198;14038;10161;5086;1070;893;553;929;712;840;1092;1085;65;115;107;113;115;144;72;135;87;53
769;6174;8061;9917;7634;537;1173;776;1129;1400;668;1327;816;135;114;113;103;63;93;84;147;98;71
770;10463;7773;5007;10858;1300;866;1114;1114;938;816;1033;1218;102;94;114;94;95;82;54;87;128;89
771;6804;13410;13343;7123;656;1338;974;759;1248;591;1399;1154;74;123;148;132;127;94;105;68;104;114
772;7264;5645;11212;12575;1321;1021;1456;505;1190;1122;518;681;119;134;145;128;108;146;117;67;122;92
773;14151;10318;9836;7304;1415;908;1258;1460;1007;1254;1133;981;113;75;52;119;138;103;58;54;64;94
774;7559;11393;12935;7381;751;1103;1092;1238;983;1289;1167;546;140;139;108;109;140;131;129;62;114;88
775;10033;11978;13522;5286;1017;810;1188;1494;708;1442;1455;682;104;96;98;120;126;88;75;110;144;143
776;11574;6674;11625;5364;985;588;1318;589;940;665;847;1122;92;95;115;70;114;82;98;142;103;116
777;6651;11977;7150;10919;1172;1387;1101;545;569;517;1354;998;72;135;53;129;110;67;78;75;150;60
778;11591;13757;6614;8345;981;1038;820;1136;1122;611;1153;1159;139;94;109;127;111;142;146;78;59;72
779;5478;8719;11175;10671;514;1088;1347;659;943;1200;963;1328;98;106;145;126;135;74;145;122;131;82
780;5292;5357;10215;8079;1251;956;848;1009;1422;924;756;510;55;117;87;134;57;105;134;106;54;136
781;9648;11691;6997;9507;1330;1426;1388;1089;838;1246;1092;653;64;120;106;82;88;147;73;144;90;123
782;9022;5340;10052;12014;873;1443;630;1392;1282;1275;1430;1395;87;113;82;55;128;129;119;143;148;52
783;7434;14989;12622;7480;1188;871;1341;1003;904;634;796;1491;88;149;77;132;133;61;77;112;89;70
784;5920;7907;12411;13218;1459;1376;576;850;1054;935;888;1240;83;116;76;89;94;88;92;127;90;60
785;5731;11272;9255;8683;503;623;655;1041;1067;680;954;1191;81;86;130;95;86;68;135;90;132;110
786;6708;9438;12545;7466;784;952;870;728;1337;889;1488;1325;138;54;114;100;131;114;100;104;83;107
787;8719;10270;11370;9874;1424;1486;1344;963;1398;1491;1443;1352;111;80;138;77;70;83;95;134;145;66
788;12525;12344;8055;6553;1388;1341;625;1222;552;1282;603;1325;138;112;123;89;94;60;97;97;63;67
789;9596;8991;14547;12256;715;1088;1212;1365;505;1130;523;1036;51;66;148;116;147;77;130;98;146;113
790;9763;6964;9576;5694;1020;711;1186;1086;1488;1365;908;846;79;95;138;115;122;137;88;80;118;59
791;6830;12705;5347;10999;1182;1257;653;972;1077;1244;953;561;139;73;124;129;118;97;106;101;90;76
792;13938;10392;9104;6903;1088;642;1295;732;1059;580;1068;835;56;55;71;142;69;100;110;148;140;113
793;8798;7014;11149;13737;981;1448;1291;1124;931;1193;886;677;53;130;112;113;87;83;95;143;126;57
794;12831;7696;11758;11361;983;1388;1173;1267;632;692;938;920;71;62;51;138;107;149;138;76;96;115
795;8328;12431;7955;6377;1330;564;1085;1196;1364;693;1487;638;106;95;93;120;100;95;144;51;84;108
796;13313;8002;11037;5392;1464;1187;1114;546;870;1000;689;851;92;119;89;54;73;85;117;132;134;97
797;14833;13190;8035;5205;1040;1263;1141;1430;652;831;849;859;87;51;75;56;66;52;61;60;87;83
798;11053;14249;14395;11153;1141;778;748;588;1406;703;520;943;132;144;61;147;100;119;147;63;64;108
799;9142;9974;8292;6234;1427;1170;525;1194;1426;1347;1496;802;138;61;144;114;98;94;136;69;76;134
800;6041;13269;12670;11264;1039;592;1087;715;1399;1010;1226;1108;59;126;98;61;123;147;72;101;102;112
801;10950;10948;12532;11208;1355;1478;947;592;895;1364;839;1229;120;80;62;135;114;83;76;58;134;108
802;9054;11798;10830;5113;1231;1135;932;1160;1437;621;746;1252;58;84;69;103;124;137;52;82;138;98
803;6583;10913;10865;14833;1219;789;742;830;1250;922;1077;1230;144;126;108;98;120;110;135;65;84;118
804;13669;13573;8889;5200;772;951;939;1002;718;1435;1242;942;79;135;88;110;114;85;92;93;148;113
805;6930;11189;14421;13541;999;637;747;938;1148;1229;863;1319;135;60;102;67;73;122;67;99;70;62
806;7672;8987;5210;6995;633;1449;1297;1117;825;998;988;1343;56;92;130;65;84;63;95;120;142;104
807;14298;10665;9879;7843;1436;1093;1314;667;895;1402;917;1054;111;106;138;72;83;57;50;106;124;95
808;8526;7892;8083;5425;737;572;609;804;1023;935;1450;832;75;59;112;113;113;64;68;93;66;93
809;5569;14467;8094;6350;826;739;1037;1083;1194;1197;1197;1167;123;78;131;96;122;80;110;75;83;150
810;8938;12790;10163;14912;850;1061;505;760;980;678;872;511;73;107;80;130;132;122;147;139;71;102
811;8204;12317;7647;11722;543;1212;928;945;1116;1357;1262;1381;100;54;67;143;125;118;87;75;60;50
812;13037;10664;11564;9222;1301;1221;715;1356;1450;844;1418;1134;139;70;73;145;82;88;97;127;71;125
813;9307;6243;10601;12547;1107;1472;1234;1474;955;1309;1420;1484;91;107;58;52;138;144;82;102;72;142
814;12898;9586;6689;11644;906;1059;1144;683;715;1029;1167;1249;109;55;54;118;80;122;74;117;75;132
815;14207;14816;14606;6680;789;1004;595;1091;1125;719;1277;747;138;104;120;117;115;85;144;92;114;139
816;7369;7801;7492;7868;1243;524;1142;1139;657;1278;664;1386;108;123;131;96;140;99;137;91;109;94
817;8940;12367;12017;14218;779;1106;789;1459;686;681;1093;801;112;114;129;131;82;143;106;143;122;135
818;5425;6907;8517;14898;548;555;868;1324;1430;954;1261;1208;85;77;100;58;61;108;117;53;67;137
819;5935;5370;11004;5786;845;1352;1163;1440;804;1009;705;792;79;80;121;126;100;58;84;134;130;105
820;9731;7397;10663;13195;531;1403;1176;1456;635;949;722;1113;118;51;111;125;123;94;114;109;82;69
821;10268;7523;5951;7079;1160;1172;810;1085;797;978;1100;1378;62;83;68;99;142;105;86;74;67;94
822;14941;14044;6840;7819;1092;1268;1028;889;541;1109;707;1329;83;116;112;72;70;120;82;59;110;90
823;9015;8096;5582;9757;521;1170;653;698;872;598;1418;898;106;146;66;102;78;78;69;115;79;55
824;5314;7013;12770;11389;870;1080;834;1019;768;1286;1267;1409;104;71;60;138;95;81;107;107;90;124
825;9512;6900;10316;7852;1120;597;770;550;927;735;861;1323;98;113;85;117;76;83;115;99;128;54
826;10256;9014;5399;9348;696;814;1124;1123;790;1337;1468;568;66;111;119;69;65;72;114;137;63;122
827;7642;14887;7010;6217;652;689;1441;548;1076;1241;1005;1332;64;148;148;107;136;139;107;120;145;117
828;13030;12074;5975;6029;865;1231;663;656;1296;773;991;575;144;71;77;114;124;117;89;123;106;98
829;6197;5763;5007;10599;730;1198;1494;1429;997;714;1245;708;82;110;61;129;88;110;113;94;126;81
830;10002;5875;7855;12230;625;942;794;1083;1191;1216;834;1144;125;62;148;139;95;54;106;77;117;127
831;9224;12774;12272;14919;920;1011;1313;1200;1406;1021;896;988;77;139;120;116;95;113;106;71;109;130
832;14532;12183;14927;13995;909;1367;1300;639;850;1095;600;1335;95;112;81;114;142;55;117;121;83;85
833;10653;7437;12647;14168;861;577;1227;931;938;1276;939;975;144;149;108;133;73;67;114;59;139;119
834;9075;5707;11800;11095;843;1321;855;885;813;1492;1089;1088;142;134;121;64;93;140;59;139;143;114
835;13606;12447;10773;14777;559;1200;872;581;995;1128;1041;901;140;75;131;80;51;56;86;145;91;90
836;13971;11921;7877;9320;996;981;1336;885;840;714;783;915;77;55;58;135;129;58;50;66;60;149
837;8795;6353;5918;8119;895;753;1167;832;885;1446;1330;1416;63;101;112;88;56;113;59;89;53;102
838;10045;14205;5813;9617;1238;1268;750;954;1481;646;701;1032;149;58;55;52;124;63;75;102;90;92
839;7301;14769;5827;9217;927;1106;1400;955;1027;697;626;730;130;94;113;61;65;58;65;90;135;133
840;8833;5810;6086;6593;569;652;1328;1228;1352;561;789;1000;144;146;86;144;119;119;67;91;51;116
841;9409;9657;6358;12979;1143;1114;802;978;640;1438;1435;1478;87;127;63;140;138;92;84;145;122;105
842;13697;6894;5835;6643;1246;832;1443;1169;1171;1159;736;650;93;102;53;131;109;86;59;97;119;90
843;12622;13516;9711;12696;1419;618;1449;1483;852;612;1011;1100;59;144;125;105;129;51;146;97;105;143
844;6890;6622;9014;6903;674;829;1330;1091;1377;1320;1480;893;99;127;150;119;131;105;122;119;68;144
845;13192;7788;14844;5709;1158;1488;775;697;817;835;626;640;137;78;67;62;105;132;149;141;88;115
846;14755;8691;11394;9200;799;1196;1292;1440;1108;1009;956;1426;103;110;101;99;54;86;86;55;101;74
847;9309;13255;14736;13882;944;1395;741;904;865;839;797;1463;121;83;139;141;112;63;94;97;140;66
848;6453;11405;12345;14041;949;1158;1058;738;1101;885;955;1104;134;94;144;78;85;126;129;93;94;65
849;5952;13313;9090;11490;840;510;529;1457;774;1411;1175;803;94;133;70;124;116;58;135;67;145;121
850;9633;5742;14090;8078;716;696;974;1458;969;572;886;852;94;110;121;96;70;110;81;107;55;118
851;8098;9941;14169;11802;748;516;803;865;561;1355;1114;999;113;106;108;62;133;84;93;102;127;67
852;6299;5703;13941;12377;1069;992;1461;669;525;903;542;919;113;72;113;54;134;118;72;75;89;82
853;5484;14295;12705;6396;1368;1257;1290;1497;755;541;1188;1190;58;142;119;107;123;148;133;109;109;133
854;11293;9801;11232;11519;1052;548;1076;791;803;1241;1256;1003;53;52;100;134;99;82;80;138;100;122
855;12968;6226;10419;6282;1163;786;1422;905;1453;1129;1395;1186;136;98;88;91;69;92;125;80;144;146
856;13462;5381;13905;11520;1341;1218;1410;1193;1140;1394;714;840;147;143;87;94;143;127;74;79;51;57
857;14150;7968;12393;8910;1284;1158;1107;1027;516;954;564;1229;103;104;70;57;86;123;76;97;117;140
858;9855;7724;13929;10828;917;1489;1269;961;1173;1083;644;729;104;129;74;127;72;80;88;98;109;132
859;12631;8988;13128;13555;1281;735;742;1158;1190;1146;1389;927;103;96;78;56;130;94;75;64;73;138
860;7208;14522;5052;10506;1012;648;1097;537;698;1113;840;921;66;139;123;102;71;105;105;53;59;60
861;12887;7238;12871;8953;847;766;791;1013;563;787;997;1268;62;108;60;93;68;84;62;64;92;61
862;9476;5779;13917;13521;518;568;814;610;1403;1107;1312;1487;69;93;91;71;88;122;112;132;80;65
863;6221;13299;8020;11191;1136;1446;741;577;516;700;602;566;140;50;149;71;91;64;137;146;81;128
864;12841;11277;8718;7138;721;530;659;910;1433;1383;723;670;112;86;106;137;122;106;108;150;149;59
865;6497;8925;10865;5152;680;715;504;1461;1239;942;1312;1199;95;58;64;85;83;140;61;135;67;145
866;14972;7936;11764;12826;1179;580;753;713;1149;1053;1404;621;120;63;138;67;138;143;87;122;117;129
867;10906;13434;13681;9147;1126;646;605;739;1169;1490;520;809;98;63;65;64;65;138;81;110;55;126
868;5575;6074;11841;6416;1088;1452;764;1350;1090;1421;822;656;60;84;141;141;102;144;117;149;119;78
869;13183;14396;12338;8549;1248;592;1059;1181;1209;1325;934;655;123;77;85;92;114;94;137;106;56;107
870;7250;9802;7661;8201;727;1300;892;1031;510;535;1390;1022;61;129;143;100;133;94;147;127;140;117
871;10408;8456;5530;10660;924;1098;798;750;1010;797;869;1235;93;105;106;94;131;78;52;95;82;119
872;6681;7467;13589;5401;1151;988;1499;1064;554;1334;1310;1164;124;67;125;57;138;55;149;110;56;73
873;10688;11512;6718;6371;792;932;528;1256;1279;579;1262;761;72;71;127;107;125;77;119;99;89;80
874;13187;14766;14307;13131;760;928;715;1191;1258;529;569;1347;97;134;96;73;79;148;88;149;80;67
875;11589;10679;13539;6944;1125;1438;764;1134;709;1130;1368;1256;72;142;111;77;73;123;87;129;84;77
876;7143;7618;5869;13368;1306;1104;958;1001;1011;1298;1493;510;81;78;139;78;107;75;136;91;138;99
877;9891;13673;10599;14746;837;655;1380;797;1147;1372;545;1346;85;128;112;98;137;63;150;81;131;117
878;7154;14777;14440;13124;768;1167;1144;987;881;987;1393;939;88;140;109;138;132;56;64;124;93;60
879;7299;10004;11535;11037;1468;1303;946;616;1146;1489;663;855;116;117;76;149;103;102;119;128;125;118
880;8266;6198;8402;5461;1001;855;712;532;1168;556;1193;738;123;55;126;67;128;117;61;144;83;70
881;14660;10139;8008;12772;1414;1254;827;1293;858;616;979;1333;118;93;87;147;87;86;123;90;104;87
882;5200;7135;6197;5183;741;1379;879;1086;565;802;1007;1333;98;93;80;112;141;112;97;88;111;77
883;11050;6425;11601;6445;1073;1067;1222;1255;1161;1452;1069;1301;63;138;58;121;136;121;99;64;122;66
884;6211;13377;5607;8109;725;1336;971;701;1308;1035;1032;754;64;89;90;136;85;86;104;141;134;128
885;12731;9556;14927;8172;1292;1158;1284;1026;583;1401;1317;615;81;120;61;150;53;90;84;143;112;80
886;9563;11240;8782;13045;1007;1452;1406;716;838;780;780;548;139;67;135;104;60;149;88;77;89;54
887;5349;6360;8188;13804;1432;500;1132;1123;653;1263;815;523;100;120;75;70;54;93;96;70;54;86
888;13939;7852;5132;7339;676;960;845;748;1440;984;550;1089;137;114;73;81;103;51;101;148;64;92
889;13382;9828;10196;5061;890;1196;948;1306;1097;875;1250;987;59;71;115;75;141;124;86;67;51;100
890;13525;5804;5620;14339;1045;1339;752;584;1169;631;583;1497;96;105;71;67;57;140;74;74;68;61
891;8072;10122;14232;6287;1158;575;1222;694;692;899;947;938;102;67;112;78;139;72;106;108;148;97
892;13518;8719;6837;9012;940;1447;1088;858;745;634;748;1297;84;133;79;79;70;90;63;125;126;137
893;7955;7689;12190;10597;976;616;741;1086;1374;1466;1104;1141;57;108;98;70;137;65;126;141;105;76
894;7319;10115;10183;13400;541;1241;895;975;1272;1229;783;822;148;53;99;74;128;71;138;149;122;114
895;13786;11861;12814;9973;688;1236;717;536;613;914;1163;1392;110;73;113;144;65;105;142;150;114;128
896;9214;10217;13552;11661;1424;1431;1103;570;1057;585;1253;623;122;104;80;65;127;125;148;70;62;144
897;6339;9235;8256;11538;935;877;711;1030;1058;574;539;1328;100;86;147;135;122;95;99;109;101;78
898;6468;8331;8795;8170;1126;1225;1273;769;809;618;1170;772;127;56;63;97;132;133;108;53;135;123
899;7714;6083;7853;13085;1249;697;606;900;1396;922;1043;1143;126;73;130;143;124;123;124;92;109;64
900;12050;11736;13829;5327;1255;665;529;820;864;550;1337;745;89;126;96;100;144;54;80;63;74;112
901;10339;5850;13269;10907;532;502;719;821;1015;617;608;1292;56;144;109;113;116;103;141;76;93;133
902;12200;6628;10386;13515;757;1422;960;1450;1116;1112;1310;1362;56;144;141;140;133;104;96;71;80;144
903;10121;10564;13214;11806;1010;501;1163;629;577;1416;1463;675;63;57;114;145;92;93;79;81;83;95
904;12748;5739;11702;9340;932;1243;721;673;769;1202;1435;972;87;62;76;102;81;57;50;113;145;73
905;13585;14600;6733;9376;1059;1292;1136;1266;517;591;1164;1373;110;107;140;120;77;147;101;148;81;80
906;8280;6137;9083;14734;911;1068;1033;860;724;904;1392;1031;84;114;122;149;106;106;84;119;82;130
907;5904;6629;6149;5983;724;519;1068;737;1182;971;1444;585;127;85;116;140;80;119;65;134;65;139
908;14587;11859;11092;12445;1473;924;1273;1101;1016;887;670;592;105;80;85;81;85;144;66;63;106;142
909;6789;14932;14939;12940;1252;959;1269;820;1496;1482;1286;1353;148;116;59;93;147;134;74;109;82;80
910;8109;5201;13374;14908;1489;1368;1169;973;612;710;1394;1234;73;57;60;113;102;100;123;81;89;56
911;6749;14785;8757;7318;525;1421;1416;1274;1347;798;1082;886;54;70;144;62;79;56;145;106;142;139
912;7518;11454;10898;9804;1486;1426;1287;1336;965;785;830;971;56;117;70;136;104;134;64;140;55;92
913;11599;7313;7844;7508;1297;837;847;1348;1159;1314;973;652;148;92;111;51;125;62;108;57;116;147
914;11308;14076;12273;12561;1304;1302;534;514;780;514;999;1208;63;142;95;114;102;79;74;127;93;76
915;8257;11775;14261;11300;1311;514;753;1005;1198;1129;1250;685;100;76;77;143;92;97;149;145;106;140
916;7346;7877;9375;12480;1328;1493;571;738;1125;668;1068;1358;53;140;94;121;111;139;117;121;75;115
917;12667;7495;5610;12250;1455;958;1141;826;1270;973;1467;954;110;131;66;79;56;116;141;94;53;52
918;5634;12540;13426;6800;766;1181;1451;887;798;811;1131;1130;60;133;86;128;74;54;57;149;146;114
919;9545;7267;13913;7468;1261;1236;1279;675;1004;526;721;1230;132;142;140;53;110;98;61;149;78;141
920;10630;8639;14506;10368;1013;1018;1377;1129;903;536;926;876;108;54;86;51;119;110;113;66;52;53
921;13474;10983;12337;9248;1412;920;1286;925;1485;1262;1076;1419;123;106;108;67;145;119;118;59;125;111
922;7080;11748;5235;12112;1369;1454;595;533;944;1400;1046;860;134;54;61;77;86;123;61;85;127;72
923;10827;13887;13629;10398;1406;568;818;515;1405;754;934;1311;110;92;61;112;94;59;54;52;112;138
924;6669;10580;14561;10606;1302;1165;1219;740;1399;548;1011;1201;113;133;95;57;103;88;100;141;119;108
925;14788;14792;5415;12058;784;1305;1071;682;1027;1097;1329;1169;133;134;60;81;123;123;149;69;94;85
926;7840;13829;6648;11821;1129;643;518;655;1281;502;1071;1411;130;107;64;116;97;133;135;54;87;134
927;6980;6067;7819;14033;799;1459;1057;771;853;717;793;1248;111;139;103;98;77;112;150;97;142;86
928;6206;5716;6083;7867;1398;962;543;923;1362;1286;759;1049;92;91;105;144;56;93;77;83;87;140
929;10910;13822;9245;9323;884;561;1263;1303;1224;1293;1139;507;121;137;91;56;117;111;137;126;135;97
930;9179;6867;10860;11641;805;1200;1323;1468;1454;931;588;1323;82;142;51;141;57;61;142;91;133;104
931;9793;11529;10405;9985;1134;1345;652;825;934;544;723;746;122;93;131;129;137;98;61;89;111;145
932;7363;9336;7544;8325;870;1109;1113;1401;641;683;1210;1061;51;125;92;76;131;114;63;133;143;118
933;12374;10140;6070;11180;567;1287;1332;1053;1144;791;1271;1408;94;147;129;94;112;73;107;85;77;67
934;12566;12363;11424;12254;1329;774;1098;1309;1301;1034;718;1169;116;130;129;61;58;116;85;99;130;72
935;13082;10846;10436;13389;1134;768;752;998;1099;1338;1350;950;98;106;91;61;129;58;125;89;91;73
936;14193;13115;5306;6462;1290;528;1062;801;964;1437;848;819;107;82;129;98;135;71;61;150;105;61
937;5107;6088;13956;13126;828;547;1165;1231;1067;563;1401;637;68;148;57;134;82;112;126;106;66;59
938;6513;5784;11728;7351;1147;1454;609;928;1231;765;1413;603;148;116;134;148;135;70;93;94;148;74
939;6526;9624;9713;6353;1480;1162;1309;1190;1230;586;1225;602;116;120;144;58;62;79;126;119;88;147
940;11165;14776;8624;12067;622;1159;940;1286;837;920;880;1417;53;66;118;62;53;84;62;94;101;53
941;7016;10902;6615;11380;1014;1072;1289;600;1160;1499;1385;752;111;98;86;124;76;144;98;111;118;140
942;7746;13663;9158;7251;1105;850;581;616;670;1054;1247;514;149;100;73;78;81;140;50;63;68;97
943;10405;11305;14440;13110;1405;1144;865;550;607;865;918;545;99;67;127;146;59;137;51;86;72;134
944;7930;11096;10717;6642;880;1322;525;1290;984;953;1234;1386;133;70;109;68;97;60;141;86;83;126
945;13456;10813;9358;11620;1396;770;1287;816;1428;1237;1260;525;86;91;146;77;122;142;126;133;91;112
946;11064;9594;14342;12119;576;1359;974;1242;1121;934;545;656;122;89;67;142;85;111;77;55;118;92
947;5324;9924;8604;6556;818;514;1100;1416;1298;971;1410;1133;104;102;102;135;147;126;59;147;134;76
948;8796;10924;11558;11281;1294;757;597;1022;1401;1457;1297;597;118;97;66;64;52;139;116;81;138;124
949;10639;10362;6584;11212;1213;1098;1023;1427;543;868;1436;679;148;75;76;63;104;57;123;109;76;126
950;7272;9005;5471;10731;981;1283;796;618;1085;1085;1077;807;129;119;129;77;132;53;73;121;144;105
951;13201;13311;8504;10027;791;1278;987;1174;1221;1279;888;1008;144;85;74;133;78;116;134;59;141;135
952;13412;13580;8858;7983;1234;1003;667;981;723;1082;1334;1382;62;149;122;74;70;118;66;143;98;126
953;13651;13964;13616;11160;957;728;1292;1297;579;1192;1341;1470;78;118;139;83;137;84;89;81;55;97
954;14630;10489;14525;14802;945;1249;1427;555;914;741;799;1081;88;104;138;109;101;118;100;115;90;108
955;9698;12522;11666;14718;1125;978;837;1057;1341;721;1136;543;60;129;95;75;149;134;76;98;120;107
956;13682;11122;5882;7525;967;968;714;831;1344;740;1208;830;125;129;107;74;115;146;59;76;148;90
957;10231;11062;7093;6380;877;1401;1438;1324;1425;1217;1045;514;92;113;143;97;142;86;102;95;56;84
958;6003;7408;7054;7066;568;1404;1241;674;1060;698;1172;513;133;137;147;119;111;118;138;98;58;100
959;8865;7962;14044;8986;870;1114;972;972;1057;600;1035;845;136;109;97;115;129;145;62;112;112;143
960;9736;14343;11132;8911;1453;526;679;1470;537;1285;623;1306;90;147;145;143;61;111;50;126;68;124
961;8650;5439;12965;5465;1496;535;1451;984;1096;1478;1154;1346;116;72;100;87;150;116;147;121;73;150
962;9419;6054;13048;9261;1221;864;1129;838;579;1372;912;1280;57;143;54;146;129;99;88;125;105;147
963;5567;13264;8602;11168;844;1379;600;581;984;1169;875;1004;62;67;125;124;93;118;53;141;147;78
964;6871;5895;13599;14957;1499;1395;1338;1468;934;599;1236;692;122;67;56;86;138;71;87;60;57;103
965;13518;9851;14071;7487;1283;1117;785;1146;520;1213;506;651;126;65;65;86;150;101;116;140;50;84
966;14615;7001;13076;9673;1369;1193;1277;649;1452;1337;1288;887;101;67;77;53;132;126;131;129;134;138
967;5687;6515;10736;12402;1146;1407;1178;692;765;916;1273;1430;59;55;132;124;93;118;55;73;75;140
968;9209;9429;6849;7009;1083;1447;797;1096;1403;1262;797;1008;136;51;149;133;128;76;93;91;63;119
969;13110;12895;11080;9007;1160;941;503;955;1249;1378;1240;1318;129;141;60;142;106;71;76;110;118;115
970;11742;5758;5686;7643;997;1170;1430;987;1100;1201;581;880;77;57;71;112;67;123;56;122;58;96
971;14268;7321;13161;6735;1350;740;725;643;1228;1422;639;894;122;106;79;82;115;123;126;134;147;62
972;6649;14367;11066;9414;1178;861;734;1373;855;1208;1065;833;83;132;98;150;116;139;93;58;64;85
973;8894;6362;11532;9004;1187;550;577;887;1014;536;1023;1287;146;113;92;101;125;56;129;94;58;86
974;5914;13056;6488;13120;816;1284;1322;1363;775;1005;600;1350;117;128;114;57;140;73;131;67;87;84
975;7450;9333;11275;5495;1066;865;1263;549;1203;878;1439;805;66;68;56;112;72;95;126;147;104;115
976;5012;10452;10644;5375;576;738;1081;1216;796;565;760;1500;100;58;112;54;56;111;150;120;100;127
977;8664;9544;7370;7459;955;1076;865;1236;1135;842;1313;686;144;142;149;68;51;91;72;66;64;84
978;11493;13241;6099;6251;958;1015;1492;1345;788;1221;672;876;118;104;52;74;64;143;104;76;121;127
979;5893;13987;14083;13130;1271;945;667;1261;723;959;1065;560;58;120;77;78;87;139;110;131;71;66
980;5323;10737;8691;8498;1361;620;973;681;653;745;527;896;105;79;73;91;141;77;118;133;148;131
981;6250;6794;11447;10356;1080;1249;997;1172;1207;839;1284;544;103;123;57;94;94;61;147;131;60;79
982;7383;5356;14436;5882;880;1195;860;1255;1179;1118;1404;1417;93;142;137;121;101;111;65;129;58;96
983;7811;12876;5472;6563;586;633;739;1381;664;1492;1201;1410;76;90;96;103;75;93;86;73;59;133
984;5409;8572;13629;14642;752;1423;732;1255;640;1247;1458;992;88;97;132;74;115;123;89;148;115;144
985;13543;9646;8985;10664;1011;1423;1235;846;902;1320;1068;1422;124;143;80;139;52;109;52;132;104;63
986;14320;13502;7314;6726;903;548;1299;507;1421;1429;1154;524;93;64;58;100;140;104;139;72;118;121
987;5422;6948;7563;8440;1365;719;1000;752;1366;811;1350;1131;135;121;103;54;145;147;66;90;62;132
988;12378;11303;9009;9312;1490;1158;1352;831;1175;1207;1087;1135;65;98;77;122;101;69;141;120;128;80
989;6565;12561;9598;12024;1278;1350;647;947;545;1009;853;1101;56;131;106;68;86;145;115;72;63;144
990;14832;7849;6909;8383;589;941;950;731;1377;837;779;664;148;126;98;111;120;98;137;101;92;105
991;7144;14881;7348;10482;1028;545;624;1050;898;912;1412;896;132;122;95;85;93;95;63;89;70;69
992;12485;12534;5418;12392;533;867;747;752;753;1289;1437;692;86;112;114;97;121;149;110;80;109;78
993;5572;12069;10758;10879;1208;559;998;1351;1011;637;991;797;93;118;110;54;121;76;83;74;52;118
994;10697;9570;6065;6253;1269;1489;1434;717;674;847;1246;841;78;75;51;124;122;73;59;74;129;63
995;11986;10008;11854;12117;812;918;868;1305;798;1283;992;726;65;150;81;122;55;130;117;96;67;124
996;14590;11493;14489;14302;1422;1305;1433;704;1382;555;1205;889;64;149;68;53;142;143;92;63;136;81
997;5681;8498;8256;10725;1313;513;699;1076;1392;692;1154;1044;72;91;147;132;69;125;138;81;75;126
998;14166;12746;12787;10576;858;756;706;812;969;813;731;898;64;61;110;134;135;90;128;102;134;121
999;7883;9044;13943;13268;1229;1042;622;1145;501;1384;658;752;137;69;54;69;140;128;136;78;123;107
1000;13909;8613;10442;5188;1497;741;898;1443;668;1493;707;1362;75;79;136;58;56;70;78;69;92;60
1001;6280;7893;11913;11526;1385;730;765;1448;690;1177;1403;901;72;91;99;97;73;146;122;129;59;59
1002;13534;14602;8083;13791;1374;1308;1176;739;1444;522;1069;783;114;85;149;126;116;92;143;136;67;75
1003;14935;11574;7309;7833;1015;1223;1232;1314;966;760;620;1468;66;124;74;104;123;76;147;77;94;141
1004;14725;8426;8478;10919;1241;740;802;1177;987;527;1365;575;102;142;117;118;119;130;107;86;57;102
1005;6008;6944;12656;5582;813;785;1063;1163;842;698;1367;985;54;74;93;141;121;146;147;60;52;73
1006;6245;14650;13835;14257;902;607;1279;996;1070;880;992;562;102;55;71;122;90;108;147;140;53;90
1007;11579;11956;10846;7644;1040;980;1378;1124;656;527;615;1400;93;112;72;146;71;149;97;89;62;112
